ANNAISS;MNAISS;CODCOM;LBCOM;SEXE;PRN;NRB
2014;;35238;RENNES;FEMME;Louise;59
2014;;35238;RENNES;FEMME;Camille;55
2014;;35238;RENNES;FEMME;Sacha;44
2014;;35238;RENNES;FEMME;Inès;42
2014;;35238;RENNES;FEMME;Léa;42
2014;;35238;RENNES;FEMME;Chloé;41
2014;;35238;RENNES;FEMME;Manon;41
2014;;35238;RENNES;FEMME;Rose;39
2014;;35238;RENNES;FEMME;Adèle;36
2014;;35238;RENNES;FEMME;Jade;36
2014;;35238;RENNES;FEMME;Zoé;36
2014;;35238;RENNES;FEMME;Alice;35
2014;;35238;RENNES;FEMME;Léna;30
2014;;35238;RENNES;FEMME;Margaux;30
2014;;35238;RENNES;FEMME;Jeanne;28
2014;;35238;RENNES;FEMME;Emma;26
2014;;35238;RENNES;FEMME;Anna;25
2014;;35238;RENNES;FEMME;Louna;25
2014;;35238;RENNES;FEMME;Romane;25
2014;;35238;RENNES;FEMME;Léonie;24
2014;;35238;RENNES;FEMME;Clémence;23
2014;;35238;RENNES;FEMME;Sarah;23
2014;;35238;RENNES;FEMME;Juliette;22
2014;;35238;RENNES;FEMME;Soline;22
2014;;35238;RENNES;FEMME;Lucie;21
2014;;35238;RENNES;FEMME;Ambre;20
2014;;35238;RENNES;FEMME;Clara;20
2014;;35238;RENNES;FEMME;Lola;20
2014;;35238;RENNES;FEMME;Lisa;19
2014;;35238;RENNES;FEMME;Alix;18
2014;;35238;RENNES;FEMME;Eden;18
2014;;35238;RENNES;FEMME;Lina;18
2014;;35238;RENNES;FEMME;Mila;18
2014;;35238;RENNES;FEMME;Charlie;17
2014;;35238;RENNES;FEMME;Lou;17
2014;;35238;RENNES;FEMME;Elsa;16
2014;;35238;RENNES;FEMME;Eva;16
2014;;35238;RENNES;FEMME;Agathe;15
2014;;35238;RENNES;FEMME;Anaïs;15
2014;;35238;RENNES;FEMME;Lilou;15
2014;;35238;RENNES;FEMME;Maëlys;15
2014;;35238;RENNES;FEMME;Nina;15
2014;;35238;RENNES;FEMME;Margot;14
2014;;35238;RENNES;FEMME;Noémie;14
2014;;35238;RENNES;FEMME;Enora;13
2014;;35238;RENNES;FEMME;Lila;13
2014;;35238;RENNES;FEMME;Marie;13
2014;;35238;RENNES;FEMME;Thaïs;13
2014;;35238;RENNES;FEMME;Albane;12
2014;;35238;RENNES;FEMME;Apolline;12
2014;;35238;RENNES;FEMME;Lise;12
2014;;35238;RENNES;FEMME;Louison;12
2014;;35238;RENNES;FEMME;Maïwenn;12
2014;;35238;RENNES;FEMME;Olivia;12
2014;;35238;RENNES;FEMME;Pauline;12
2014;;35238;RENNES;FEMME;Elise;11
2014;;35238;RENNES;FEMME;Eloïse;11
2014;;35238;RENNES;FEMME;Julia;11
2014;;35238;RENNES;FEMME;Louane;11
2014;;35238;RENNES;FEMME;Capucine;10
2014;;35238;RENNES;FEMME;Charlotte;10
2014;;35238;RENNES;FEMME;Lana;10
2014;;35238;RENNES;FEMME;Laura;10
2014;;35238;RENNES;FEMME;Lison;10
2014;;35238;RENNES;FEMME;Salomé;10
2014;;35238;RENNES;FEMME;Sofia;10
2014;;35238;RENNES;FEMME;Yuna;10
2014;;35238;RENNES;FEMME;Assia;9
2014;;35238;RENNES;FEMME;Faustine;9
2014;;35238;RENNES;FEMME;Garance;9
2014;;35238;RENNES;FEMME;Joséphine;9
2014;;35238;RENNES;FEMME;Justine;9
2014;;35238;RENNES;FEMME;Lily;9
2014;;35238;RENNES;FEMME;Lya;9
2014;;35238;RENNES;FEMME;Mia;9
2014;;35238;RENNES;FEMME;Nora;9
2014;;35238;RENNES;FEMME;Norah;9
2014;;35238;RENNES;FEMME;Sasha;9
2014;;35238;RENNES;FEMME;Anaëlle;8
2014;;35238;RENNES;FEMME;Calie;8
2014;;35238;RENNES;FEMME;Emilie;8
2014;;35238;RENNES;FEMME;Héloïse;8
2014;;35238;RENNES;FEMME;Lilwenn;8
2014;;35238;RENNES;FEMME;Loïs;8
2014;;35238;RENNES;FEMME;Romy;8
2014;;35238;RENNES;FEMME;Valentine;8
2014;;35238;RENNES;FEMME;Zélie;8
2014;;35238;RENNES;FEMME;Aliya;7
2014;;35238;RENNES;FEMME;Andréa;7
2014;;35238;RENNES;FEMME;Angèle;7
2014;;35238;RENNES;FEMME;Anouk;7
2014;;35238;RENNES;FEMME;Candice;7
2014;;35238;RENNES;FEMME;Cléa;7
2014;;35238;RENNES;FEMME;Emmy;7
2014;;35238;RENNES;FEMME;Erell;7
2014;;35238;RENNES;FEMME;Gabrielle;7
2014;;35238;RENNES;FEMME;Giulia;7
2014;;35238;RENNES;FEMME;Hanaé;7
2014;;35238;RENNES;FEMME;Louisa;7
2014;;35238;RENNES;FEMME;Marion;7
2014;;35238;RENNES;FEMME;Maya;7
2014;;35238;RENNES;FEMME;Victoria;7
2014;;35238;RENNES;FEMME;Alicia;6
2014;;35238;RENNES;FEMME;Axelle;6
2014;;35238;RENNES;FEMME;Coline;6
2014;;35238;RENNES;FEMME;Constance;6
2014;;35238;RENNES;FEMME;Célia;6
2014;;35238;RENNES;FEMME;Elena;6
2014;;35238;RENNES;FEMME;Elisa;6
2014;;35238;RENNES;FEMME;Hortense;6
2014;;35238;RENNES;FEMME;Iris;6
2014;;35238;RENNES;FEMME;Julie;6
2014;;35238;RENNES;FEMME;Laly;6
2014;;35238;RENNES;FEMME;Leïla;6
2014;;35238;RENNES;FEMME;Luna;6
2014;;35238;RENNES;FEMME;Lylou;6
2014;;35238;RENNES;FEMME;Léane;6
2014;;35238;RENNES;FEMME;Maria;6
2014;;35238;RENNES;FEMME;Maé;6
2014;;35238;RENNES;FEMME;Maëlie;6
2014;;35238;RENNES;FEMME;Maëline;6
2014;;35238;RENNES;FEMME;Maëlle;6
2014;;35238;RENNES;FEMME;Maïna;6
2014;;35238;RENNES;FEMME;Ninon;6
2014;;35238;RENNES;FEMME;Océane;6
2014;;35238;RENNES;FEMME;Perrine;6
2014;;35238;RENNES;FEMME;Sara;6
2014;;35238;RENNES;FEMME;Suzanne;6
2014;;35238;RENNES;FEMME;Swan;6
2014;;35238;RENNES;FEMME;Aline;5
2014;;35238;RENNES;FEMME;Ana;5
2014;;35238;RENNES;FEMME;Aziliz;5
2014;;35238;RENNES;FEMME;Clarisse;5
2014;;35238;RENNES;FEMME;Cloé;5
2014;;35238;RENNES;FEMME;Clémentine;5
2014;;35238;RENNES;FEMME;Céleste;5
2014;;35238;RENNES;FEMME;Elina;5
2014;;35238;RENNES;FEMME;Eline;5
2014;;35238;RENNES;FEMME;Eléa;5
2014;;35238;RENNES;FEMME;Emy;5
2014;;35238;RENNES;FEMME;Enola;5
2014;;35238;RENNES;FEMME;Hawa;5
2014;;35238;RENNES;FEMME;Inaya;5
2014;;35238;RENNES;FEMME;Isaure;5
2014;;35238;RENNES;FEMME;Izia;5
2014;;35238;RENNES;FEMME;Khadija;5
2014;;35238;RENNES;FEMME;Lena;5
2014;;35238;RENNES;FEMME;Loane;5
2014;;35238;RENNES;FEMME;Lou-Ann;5
2014;;35238;RENNES;FEMME;Lyana;5
2014;;35238;RENNES;FEMME;Lyna;5
2014;;35238;RENNES;FEMME;Léana;5
2014;;35238;RENNES;FEMME;Mona;5
2014;;35238;RENNES;FEMME;Morgane;5
2014;;35238;RENNES;FEMME;Mélina;5
2014;;35238;RENNES;FEMME;Sibylle;5
2014;;35238;RENNES;FEMME;Yasmine;5
2014;;35238;RENNES;FEMME;Yaëlle;5
2014;;35238;RENNES;FEMME;Youna;5
2014;;35238;RENNES;FEMME;Alexandra;4
2014;;35238;RENNES;FEMME;Alyssa;4
2014;;35238;RENNES;FEMME;Alyssia;4
2014;;35238;RENNES;FEMME;Anaé;4
2014;;35238;RENNES;FEMME;Augustine;4
2014;;35238;RENNES;FEMME;Aya;4
2014;;35238;RENNES;FEMME;Bleuenn;4
2014;;35238;RENNES;FEMME;Cameron;4
2014;;35238;RENNES;FEMME;Cassandre;4
2014;;35238;RENNES;FEMME;Célestine;4
2014;;35238;RENNES;FEMME;Eloane;4
2014;;35238;RENNES;FEMME;Eléonore;4
2014;;35238;RENNES;FEMME;Emie;4
2014;;35238;RENNES;FEMME;Katell;4
2014;;35238;RENNES;FEMME;Kim;4
2014;;35238;RENNES;FEMME;Lili;4
2014;;35238;RENNES;FEMME;Livia;4
2014;;35238;RENNES;FEMME;Lou-Anne;4
2014;;35238;RENNES;FEMME;Louann;4
2014;;35238;RENNES;FEMME;Lucile;4
2014;;35238;RENNES;FEMME;Lucille;4
2014;;35238;RENNES;FEMME;Mathilde;4
2014;;35238;RENNES;FEMME;Mayline;4
2014;;35238;RENNES;FEMME;Maëlia;4
2014;;35238;RENNES;FEMME;Maëly;4
2014;;35238;RENNES;FEMME;Meryem;4
2014;;35238;RENNES;FEMME;Méline;4
2014;;35238;RENNES;FEMME;Nawel;4
2014;;35238;RENNES;FEMME;Neela;4
2014;;35238;RENNES;FEMME;Nolwenn;4
2014;;35238;RENNES;FEMME;Noéline;4
2014;;35238;RENNES;FEMME;Rosalie;4
2014;;35238;RENNES;FEMME;Shanna;4
2014;;35238;RENNES;FEMME;Sidonie;4
2014;;35238;RENNES;FEMME;Solveig;4
2014;;35238;RENNES;FEMME;Tess;4
2014;;35238;RENNES;FEMME;Thalia;4
2014;;35238;RENNES;FEMME;Victoire;4
2014;;35238;RENNES;FEMME;Aliénor;3
2014;;35238;RENNES;FEMME;Alwena;3
2014;;35238;RENNES;FEMME;Amandine;3
2014;;35238;RENNES;FEMME;Amélie;3
2014;;35238;RENNES;FEMME;Andrea;3
2014;;35238;RENNES;FEMME;Annaëlle;3
2014;;35238;RENNES;FEMME;Anne-Lise;3
2014;;35238;RENNES;FEMME;Arwen;3
2014;;35238;RENNES;FEMME;Aëla;3
2014;;35238;RENNES;FEMME;Bérénice;3
2014;;35238;RENNES;FEMME;Charline;3
2014;;35238;RENNES;FEMME;Coralie;3
2014;;35238;RENNES;FEMME;Daphné;3
2014;;35238;RENNES;FEMME;Dounia;3
2014;;35238;RENNES;FEMME;Elif;3
2014;;35238;RENNES;FEMME;Ellie;3
2014;;35238;RENNES;FEMME;Elya;3
2014;;35238;RENNES;FEMME;Elyna;3
2014;;35238;RENNES;FEMME;Eléna;3
2014;;35238;RENNES;FEMME;Erine;3
2014;;35238;RENNES;FEMME;Estelle;3
2014;;35238;RENNES;FEMME;Esther;3
2014;;35238;RENNES;FEMME;Fatima;3
2014;;35238;RENNES;FEMME;Gwenn;3
2014;;35238;RENNES;FEMME;Hermine;3
2014;;35238;RENNES;FEMME;Husna;3
2014;;35238;RENNES;FEMME;Imane;3
2014;;35238;RENNES;FEMME;Isleym;3
2014;;35238;RENNES;FEMME;June;3
2014;;35238;RENNES;FEMME;Katel;3
2014;;35238;RENNES;FEMME;Kessy;3
2014;;35238;RENNES;FEMME;Layna;3
2014;;35238;RENNES;FEMME;Leyna;3
2014;;35238;RENNES;FEMME;Lia;3
2014;;35238;RENNES;FEMME;Lilia;3
2014;;35238;RENNES;FEMME;Lilwen;3
2014;;35238;RENNES;FEMME;Liv;3
2014;;35238;RENNES;FEMME;Liya;3
2014;;35238;RENNES;FEMME;Loeiza;3
2014;;35238;RENNES;FEMME;Lyse;3
2014;;35238;RENNES;FEMME;Léonore;3
2014;;35238;RENNES;FEMME;Maelys;3
2014;;35238;RENNES;FEMME;Marianne;3
2014;;35238;RENNES;FEMME;Maryam;3
2014;;35238;RENNES;FEMME;Maëlyne;3
2014;;35238;RENNES;FEMME;Maëva;3
2014;;35238;RENNES;FEMME;Mélia;3
2014;;35238;RENNES;FEMME;Mélissa;3
2014;;35238;RENNES;FEMME;Mïa;3
2014;;35238;RENNES;FEMME;Nola;3
2014;;35238;RENNES;FEMME;Nour;3
2014;;35238;RENNES;FEMME;Raphaëlle;3
2014;;35238;RENNES;FEMME;Shana;3
2014;;35238;RENNES;FEMME;Solenn;3
2014;;35238;RENNES;FEMME;Sophia;3
2014;;35238;RENNES;FEMME;Sophie;3
2014;;35238;RENNES;FEMME;Soumaya;3
2014;;35238;RENNES;FEMME;Suzie;3
2014;;35238;RENNES;FEMME;Séléna;3
2014;;35238;RENNES;FEMME;Thelma;3
2014;;35238;RENNES;FEMME;Théa;3
2014;;35238;RENNES;FEMME;Valentina;3
2014;;35238;RENNES;FEMME;Violette;3
2014;;35238;RENNES;FEMME;Wendy;3
2014;;35238;RENNES;FEMME;Aaliyah;2
2014;;35238;RENNES;FEMME;Adélaïde;2
2014;;35238;RENNES;FEMME;Aicha;2
2014;;35238;RENNES;FEMME;Alana;2
2014;;35238;RENNES;FEMME;Alia;2
2014;;35238;RENNES;FEMME;Alizée;2
2014;;35238;RENNES;FEMME;Alwenna;2
2014;;35238;RENNES;FEMME;Alycia;2
2014;;35238;RENNES;FEMME;Amaïa;2
2014;;35238;RENNES;FEMME;Amel;2
2014;;35238;RENNES;FEMME;Amina;2
2014;;35238;RENNES;FEMME;Aminata;2
2014;;35238;RENNES;FEMME;Amira;2
2014;;35238;RENNES;FEMME;Amélia;2
2014;;35238;RENNES;FEMME;Angelina;2
2014;;35238;RENNES;FEMME;Anis;2
2014;;35238;RENNES;FEMME;Anne;2
2014;;35238;RENNES;FEMME;April;2
2014;;35238;RENNES;FEMME;Ashley;2
2014;;35238;RENNES;FEMME;Assya;2
2014;;35238;RENNES;FEMME;Asya;2
2014;;35238;RENNES;FEMME;Awa;2
2014;;35238;RENNES;FEMME;Awena;2
2014;;35238;RENNES;FEMME;Ayana;2
2014;;35238;RENNES;FEMME;Aélia;2
2014;;35238;RENNES;FEMME;Aïna;2
2014;;35238;RENNES;FEMME;Aïssa;2
2014;;35238;RENNES;FEMME;Bertille;2
2014;;35238;RENNES;FEMME;Bianca;2
2014;;35238;RENNES;FEMME;Cali;2
2014;;35238;RENNES;FEMME;Carla;2
2014;;35238;RENNES;FEMME;Carmen;2
2014;;35238;RENNES;FEMME;Cassandra;2
2014;;35238;RENNES;FEMME;Cataleya;2
2014;;35238;RENNES;FEMME;Charlize;2
2014;;35238;RENNES;FEMME;Charlyne;2
2014;;35238;RENNES;FEMME;Claire;2
2014;;35238;RENNES;FEMME;Clotilde;2
2014;;35238;RENNES;FEMME;Clélia;2
2014;;35238;RENNES;FEMME;Colombe;2
2014;;35238;RENNES;FEMME;Diane;2
2014;;35238;RENNES;FEMME;Djeïna;2
2014;;35238;RENNES;FEMME;Eileen;2
2014;;35238;RENNES;FEMME;Elaïa;2
2014;;35238;RENNES;FEMME;Eliana;2
2014;;35238;RENNES;FEMME;Ella;2
2014;;35238;RENNES;FEMME;Elona;2
2014;;35238;RENNES;FEMME;Elwenn;2
2014;;35238;RENNES;FEMME;Elyne;2
2014;;35238;RENNES;FEMME;Emmie;2
2014;;35238;RENNES;FEMME;Enaëlle;2
2014;;35238;RENNES;FEMME;Erva;2
2014;;35238;RENNES;FEMME;Eugénie;2
2014;;35238;RENNES;FEMME;Eve;2
2014;;35238;RENNES;FEMME;Fanny;2
2014;;35238;RENNES;FEMME;Fleur;2
2014;;35238;RENNES;FEMME;Flora;2
2014;;35238;RENNES;FEMME;Félicie;2
2014;;35238;RENNES;FEMME;Hana;2
2014;;35238;RENNES;FEMME;Hanna;2
2014;;35238;RENNES;FEMME;Helena;2
2014;;35238;RENNES;FEMME;Inayah;2
2014;;35238;RENNES;FEMME;Indila;2
2014;;35238;RENNES;FEMME;Irina;2
2014;;35238;RENNES;FEMME;Ivy;2
2014;;35238;RENNES;FEMME;Jane;2
2014;;35238;RENNES;FEMME;Jasmine;2
2014;;35238;RENNES;FEMME;Joé;2
2014;;35238;RENNES;FEMME;Juliana;2
2014;;35238;RENNES;FEMME;Kellya;2
2014;;35238;RENNES;FEMME;Kenza;2
2014;;35238;RENNES;FEMME;Kiara;2
2014;;35238;RENNES;FEMME;Klervi;2
2014;;35238;RENNES;FEMME;Kélia;2
2014;;35238;RENNES;FEMME;Kélya;2
2014;;35238;RENNES;FEMME;Kélyana;2
2014;;35238;RENNES;FEMME;Lalie;2
2014;;35238;RENNES;FEMME;Laora;2
2014;;35238;RENNES;FEMME;Leelou;2
2014;;35238;RENNES;FEMME;Leila;2
2014;;35238;RENNES;FEMME;Leslie;2
2014;;35238;RENNES;FEMME;Leïa;2
2014;;35238;RENNES;FEMME;Lilly;2
2014;;35238;RENNES;FEMME;Lily-Rose;2
2014;;35238;RENNES;FEMME;Lilya;2
2014;;35238;RENNES;FEMME;Line;2
2014;;35238;RENNES;FEMME;Liz;2
2014;;35238;RENNES;FEMME;Louisie;2
2014;;35238;RENNES;FEMME;Loélia;2
2014;;35238;RENNES;FEMME;Loéva;2
2014;;35238;RENNES;FEMME;Loïcia;2
2014;;35238;RENNES;FEMME;Luce;2
2014;;35238;RENNES;FEMME;Lucy;2
2014;;35238;RENNES;FEMME;Ludmilla;2
2014;;35238;RENNES;FEMME;Lyah;2
2014;;35238;RENNES;FEMME;Lylia;2
2014;;35238;RENNES;FEMME;Lyne;2
2014;;35238;RENNES;FEMME;Maddie;2
2014;;35238;RENNES;FEMME;Madeleine;2
2014;;35238;RENNES;FEMME;Madina;2
2014;;35238;RENNES;FEMME;Malone;2
2014;;35238;RENNES;FEMME;Maloé;2
2014;;35238;RENNES;FEMME;Mame;2
2014;;35238;RENNES;FEMME;Marie-Lou;2
2014;;35238;RENNES;FEMME;Marilou;2
2014;;35238;RENNES;FEMME;Marine;2
2014;;35238;RENNES;FEMME;Maud;2
2014;;35238;RENNES;FEMME;Maureen;2
2014;;35238;RENNES;FEMME;Maxine;2
2014;;35238;RENNES;FEMME;Maylie;2
2014;;35238;RENNES;FEMME;Mayssa;2
2014;;35238;RENNES;FEMME;Maëlla;2
2014;;35238;RENNES;FEMME;Maëlya;2
2014;;35238;RENNES;FEMME;Maëwenn;2
2014;;35238;RENNES;FEMME;Maïa;2
2014;;35238;RENNES;FEMME;Maïlys;2
2014;;35238;RENNES;FEMME;Maïssa;2
2014;;35238;RENNES;FEMME;Maïssane;2
2014;;35238;RENNES;FEMME;Maïwen;2
2014;;35238;RENNES;FEMME;Minh;2
2014;;35238;RENNES;FEMME;Mélyne;2
2014;;35238;RENNES;FEMME;Naomie;2
2014;;35238;RENNES;FEMME;Naomy;2
2014;;35238;RENNES;FEMME;Nawell;2
2014;;35238;RENNES;FEMME;Nayah;2
2014;;35238;RENNES;FEMME;Nayla;2
2014;;35238;RENNES;FEMME;Naëlle;2
2014;;35238;RENNES;FEMME;Naïla;2
2014;;35238;RENNES;FEMME;Nelly;2
2014;;35238;RENNES;FEMME;Noélia;2
2014;;35238;RENNES;FEMME;Noélie;2
2014;;35238;RENNES;FEMME;Noëmie;2
2014;;35238;RENNES;FEMME;Nélia;2
2014;;35238;RENNES;FEMME;Olive;2
2014;;35238;RENNES;FEMME;Ombeline;2
2014;;35238;RENNES;FEMME;Ophélie;2
2014;;35238;RENNES;FEMME;Rabia;2
2014;;35238;RENNES;FEMME;Rachel;2
2014;;35238;RENNES;FEMME;Roxane;2
2014;;35238;RENNES;FEMME;Safya;2
2014;;35238;RENNES;FEMME;Samira;2
2014;;35238;RENNES;FEMME;Sana;2
2014;;35238;RENNES;FEMME;Selma;2
2014;;35238;RENNES;FEMME;Shayma;2
2014;;35238;RENNES;FEMME;Shayna;2
2014;;35238;RENNES;FEMME;Shaynez;2
2014;;35238;RENNES;FEMME;Shaïna;2
2014;;35238;RENNES;FEMME;Sidney;2
2014;;35238;RENNES;FEMME;Sienna;2
2014;;35238;RENNES;FEMME;Sirine;2
2014;;35238;RENNES;FEMME;Sixtine;2
2014;;35238;RENNES;FEMME;Soane;2
2014;;35238;RENNES;FEMME;Soraya;2
2014;;35238;RENNES;FEMME;Stella;2
2014;;35238;RENNES;FEMME;Syam;2
2014;;35238;RENNES;FEMME;Sybille;2
2014;;35238;RENNES;FEMME;Sélène;2
2014;;35238;RENNES;FEMME;Tamia;2
2014;;35238;RENNES;FEMME;Tania;2
2014;;35238;RENNES;FEMME;Tessa;2
2014;;35238;RENNES;FEMME;Thalya;2
2014;;35238;RENNES;FEMME;Victorine;2
2014;;35238;RENNES;FEMME;Wissam;2
2014;;35238;RENNES;FEMME;Éden;2
2014;;35238;RENNES;FEMME;Élie;2
2014;;35238;RENNES;FEMME;Élina;2
2014;;35238;RENNES;FEMME;Éline;2
2014;;35238;RENNES;FEMME;Émilie;2
2014;;35238;RENNES;FEMME;Aalyah;1
2014;;35238;RENNES;FEMME;Abby;1
2014;;35238;RENNES;FEMME;Abbygaël;1
2014;;35238;RENNES;FEMME;Abbygaëlle;1
2014;;35238;RENNES;FEMME;Abigaël;1
2014;;35238;RENNES;FEMME;Abigaëlle;1
2014;;35238;RENNES;FEMME;Abigaïl;1
2014;;35238;RENNES;FEMME;Aby;1
2014;;35238;RENNES;FEMME;Achwak;1
2014;;35238;RENNES;FEMME;Adame;1
2014;;35238;RENNES;FEMME;Adeline;1
2014;;35238;RENNES;FEMME;Adelya;1
2014;;35238;RENNES;FEMME;Adila;1
2014;;35238;RENNES;FEMME;Adysson;1
2014;;35238;RENNES;FEMME;Adélina;1
2014;;35238;RENNES;FEMME;Aelya;1
2014;;35238;RENNES;FEMME;Aenor;1
2014;;35238;RENNES;FEMME;Aeris;1
2014;;35238;RENNES;FEMME;Agnès-Cordelia;1
2014;;35238;RENNES;FEMME;Ahutiare;1
2014;;35238;RENNES;FEMME;Aida;1
2014;;35238;RENNES;FEMME;Aimy;1
2014;;35238;RENNES;FEMME;Aissata;1
2014;;35238;RENNES;FEMME;Aissatou;1
2014;;35238;RENNES;FEMME;Ala;1
2014;;35238;RENNES;FEMME;Alannah;1
2014;;35238;RENNES;FEMME;Alayna;1
2014;;35238;RENNES;FEMME;Alba;1
2014;;35238;RENNES;FEMME;Alessia;1
2014;;35238;RENNES;FEMME;Alexane;1
2014;;35238;RENNES;FEMME;Alexia;1
2014;;35238;RENNES;FEMME;Alexya;1
2014;;35238;RENNES;FEMME;Aleyna;1
2014;;35238;RENNES;FEMME;Alie;1
2014;;35238;RENNES;FEMME;Alika;1
2014;;35238;RENNES;FEMME;Alina;1
2014;;35238;RENNES;FEMME;Alis;1
2014;;35238;RENNES;FEMME;Alissa;1
2014;;35238;RENNES;FEMME;Aliyah;1
2014;;35238;RENNES;FEMME;Allie;1
2014;;35238;RENNES;FEMME;Allison;1
2014;;35238;RENNES;FEMME;Alliyah;1
2014;;35238;RENNES;FEMME;Allycia;1
2014;;35238;RENNES;FEMME;Allyn;1
2014;;35238;RENNES;FEMME;Alwéna;1
2014;;35238;RENNES;FEMME;Alyah;1
2014;;35238;RENNES;FEMME;Alyosha;1
2014;;35238;RENNES;FEMME;Alyson;1
2014;;35238;RENNES;FEMME;Alysson;1
2014;;35238;RENNES;FEMME;Alyxia;1
2014;;35238;RENNES;FEMME;Aléa;1
2014;;35238;RENNES;FEMME;Aléna;1
2014;;35238;RENNES;FEMME;Amal;1
2014;;35238;RENNES;FEMME;Amani;1
2014;;35238;RENNES;FEMME;Amatullah;1
2014;;35238;RENNES;FEMME;Anais;1
2014;;35238;RENNES;FEMME;Analia;1
2014;;35238;RENNES;FEMME;Analie;1
2014;;35238;RENNES;FEMME;Anamaria;1
2014;;35238;RENNES;FEMME;Anastasia;1
2014;;35238;RENNES;FEMME;Anaële;1
2014;;35238;RENNES;FEMME;Andréa-Mbomda;1
2014;;35238;RENNES;FEMME;Anefel;1
2014;;35238;RENNES;FEMME;Angéline;1
2014;;35238;RENNES;FEMME;Ania;1
2014;;35238;RENNES;FEMME;Anna-Elena;1
2014;;35238;RENNES;FEMME;Anna-Lou;1
2014;;35238;RENNES;FEMME;Anna-Rose;1
2014;;35238;RENNES;FEMME;Annah;1
2014;;35238;RENNES;FEMME;Annalia;1
2014;;35238;RENNES;FEMME;Annaïg;1
2014;;35238;RENNES;FEMME;Anne-Sophie;1
2014;;35238;RENNES;FEMME;Annelie;1
2014;;35238;RENNES;FEMME;Anneshana;1
2014;;35238;RENNES;FEMME;Annwenn;1
2014;;35238;RENNES;FEMME;Anouck;1
2014;;35238;RENNES;FEMME;Anta-Anne;1
2014;;35238;RENNES;FEMME;Anugerel;1
2014;;35238;RENNES;FEMME;Anya;1
2014;;35238;RENNES;FEMME;Apoline;1
2014;;35238;RENNES;FEMME;Appoline;1
2014;;35238;RENNES;FEMME;Arantza;1
2014;;35238;RENNES;FEMME;Aria;1
2014;;35238;RENNES;FEMME;Ariane;1
2014;;35238;RENNES;FEMME;Arin;1
2014;;35238;RENNES;FEMME;Arsiné;1
2014;;35238;RENNES;FEMME;Artémis;1
2014;;35238;RENNES;FEMME;Ashlor;1
2014;;35238;RENNES;FEMME;Asja;1
2014;;35238;RENNES;FEMME;Asma;1
2014;;35238;RENNES;FEMME;Asminah;1
2014;;35238;RENNES;FEMME;Assiatou;1
2014;;35238;RENNES;FEMME;Assilya;1
2014;;35238;RENNES;FEMME;Assiyatou;1
2014;;35238;RENNES;FEMME;Astrid;1
2014;;35238;RENNES;FEMME;Athéna;1
2014;;35238;RENNES;FEMME;Aubane;1
2014;;35238;RENNES;FEMME;Audrenn;1
2014;;35238;RENNES;FEMME;Audrey;1
2014;;35238;RENNES;FEMME;Auriane;1
2014;;35238;RENNES;FEMME;Aurélia;1
2014;;35238;RENNES;FEMME;Auxane;1
2014;;35238;RENNES;FEMME;Ava;1
2014;;35238;RENNES;FEMME;Awenn;1
2014;;35238;RENNES;FEMME;Axelia;1
2014;;35238;RENNES;FEMME;Ayah;1
2014;;35238;RENNES;FEMME;Ayara;1
2014;;35238;RENNES;FEMME;Ayat;1
2014;;35238;RENNES;FEMME;Ayse;1
2014;;35238;RENNES;FEMME;Aysin;1
2014;;35238;RENNES;FEMME;Aysun;1
2014;;35238;RENNES;FEMME;Ayten;1
2014;;35238;RENNES;FEMME;Ayvi;1
2014;;35238;RENNES;FEMME;Az;1
2014;;35238;RENNES;FEMME;Azenor;1
2014;;35238;RENNES;FEMME;Azilys;1
2014;;35238;RENNES;FEMME;Azylis;1
2014;;35238;RENNES;FEMME;Aéla;1
2014;;35238;RENNES;FEMME;Aélya;1
2014;;35238;RENNES;FEMME;Aénor;1
2014;;35238;RENNES;FEMME;Aéris;1
2014;;35238;RENNES;FEMME;Aïcha;1
2014;;35238;RENNES;FEMME;Aïda;1
2014;;35238;RENNES;FEMME;Aïlynn;1
2014;;35238;RENNES;FEMME;Aïlyss;1
2014;;35238;RENNES;FEMME;Aïwenn;1
2014;;35238;RENNES;FEMME;Badémin;1
2014;;35238;RENNES;FEMME;Bakaya;1
2014;;35238;RENNES;FEMME;Balkis;1
2014;;35238;RENNES;FEMME;Basma;1
2014;;35238;RENNES;FEMME;Bayane;1
2014;;35238;RENNES;FEMME;Bejna;1
2014;;35238;RENNES;FEMME;Belinda;1
2014;;35238;RENNES;FEMME;Belkis;1
2014;;35238;RENNES;FEMME;Beryl;1
2014;;35238;RENNES;FEMME;Besther;1
2014;;35238;RENNES;FEMME;Beyza;1
2014;;35238;RENNES;FEMME;Billie;1
2014;;35238;RENNES;FEMME;Bintou;1
2014;;35238;RENNES;FEMME;Blanche;1
2014;;35238;RENNES;FEMME;Blessing;1
2014;;35238;RENNES;FEMME;Bleuwenn;1
2014;;35238;RENNES;FEMME;Blueberry;1
2014;;35238;RENNES;FEMME;Bouchrati;1
2014;;35238;RENNES;FEMME;Boushrah;1
2014;;35238;RENNES;FEMME;Bradlyni-Dodo;1
2014;;35238;RENNES;FEMME;Bridget;1
2014;;35238;RENNES;FEMME;Brooklyn;1
2014;;35238;RENNES;FEMME;Brésil;1
2014;;35238;RENNES;FEMME;Bétina;1
2014;;35238;RENNES;FEMME;Cahyna;1
2014;;35238;RENNES;FEMME;Callie;1
2014;;35238;RENNES;FEMME;Calliopée;1
2014;;35238;RENNES;FEMME;Caly;1
2014;;35238;RENNES;FEMME;Calye;1
2014;;35238;RENNES;FEMME;Calypso;1
2014;;35238;RENNES;FEMME;Camila;1
2014;;35238;RENNES;FEMME;Candy;1
2014;;35238;RENNES;FEMME;Canelle;1
2014;;35238;RENNES;FEMME;Caroline;1
2014;;35238;RENNES;FEMME;Cassiopée;1
2014;;35238;RENNES;FEMME;Cassy;1
2014;;35238;RENNES;FEMME;Catalena;1
2014;;35238;RENNES;FEMME;Catarina;1
2014;;35238;RENNES;FEMME;Cathy;1
2014;;35238;RENNES;FEMME;Caëlys;1
2014;;35238;RENNES;FEMME;Celina;1
2014;;35238;RENNES;FEMME;Celya;1
2014;;35238;RENNES;FEMME;Chadhiya-Euphrazie;1
2014;;35238;RENNES;FEMME;Channel;1
2014;;35238;RENNES;FEMME;Charlesne;1
2014;;35238;RENNES;FEMME;Chayna;1
2014;;35238;RENNES;FEMME;Chelay;1
2014;;35238;RENNES;FEMME;Chelsea;1
2014;;35238;RENNES;FEMME;Chemssi;1
2014;;35238;RENNES;FEMME;Chiara;1
2014;;35238;RENNES;FEMME;Chloë;1
2014;;35238;RENNES;FEMME;Cindy;1
2014;;35238;RENNES;FEMME;Cinthya;1
2014;;35238;RENNES;FEMME;Claudia;1
2014;;35238;RENNES;FEMME;Claudie;1
2014;;35238;RENNES;FEMME;Clervie;1
2014;;35238;RENNES;FEMME;Clélie;1
2014;;35238;RENNES;FEMME;Cléo;1
2014;;35238;RENNES;FEMME;Cléophée;1
2014;;35238;RENNES;FEMME;Coeurtis;1
2014;;35238;RENNES;FEMME;Coleen;1
2014;;35238;RENNES;FEMME;Colleen;1
2014;;35238;RENNES;FEMME;Colyne;1
2014;;35238;RENNES;FEMME;Corentine;1
2014;;35238;RENNES;FEMME;Cyann;1
2014;;35238;RENNES;FEMME;Cyriana-Austina;1
2014;;35238;RENNES;FEMME;Cyrianne;1
2014;;35238;RENNES;FEMME;Cyrine;1
2014;;35238;RENNES;FEMME;Céline;1
2014;;35238;RENNES;FEMME;Célya;1
2014;;35238;RENNES;FEMME;Céléna;1
2014;;35238;RENNES;FEMME;Daenerys;1
2014;;35238;RENNES;FEMME;Daisy;1
2014;;35238;RENNES;FEMME;Dalia;1
2014;;35238;RENNES;FEMME;Dana;1
2014;;35238;RENNES;FEMME;Dania;1
2014;;35238;RENNES;FEMME;Darya;1
2014;;35238;RENNES;FEMME;Dayna;1
2014;;35238;RENNES;FEMME;Deborah;1
2014;;35238;RENNES;FEMME;Delcya;1
2014;;35238;RENNES;FEMME;Deziana;1
2014;;35238;RENNES;FEMME;Dhurata;1
2014;;35238;RENNES;FEMME;Diana;1
2014;;35238;RENNES;FEMME;Dina;1
2014;;35238;RENNES;FEMME;Divine;1
2014;;35238;RENNES;FEMME;Djadis;1
2014;;35238;RENNES;FEMME;Djenna;1
2014;;35238;RENNES;FEMME;Djodie;1
2014;;35238;RENNES;FEMME;Djoulyanne;1
2014;;35238;RENNES;FEMME;Djénaïly;1
2014;;35238;RENNES;FEMME;Djénétis;1
2014;;35238;RENNES;FEMME;Duc;1
2014;;35238;RENNES;FEMME;Dune;1
2014;;35238;RENNES;FEMME;Délia;1
2014;;35238;RENNES;FEMME;Délice;1
2014;;35238;RENNES;FEMME;Ebrar;1
2014;;35238;RENNES;FEMME;Ecrin;1
2014;;35238;RENNES;FEMME;Edwige;1
2014;;35238;RENNES;FEMME;Ekaterina;1
2014;;35238;RENNES;FEMME;El-Kamla;1
2014;;35238;RENNES;FEMME;Elaïs;1
2014;;35238;RENNES;FEMME;Eleanor;1
2014;;35238;RENNES;FEMME;Eleen;1
2014;;35238;RENNES;FEMME;Elfie;1
2014;;35238;RENNES;FEMME;Elhame;1
2014;;35238;RENNES;FEMME;Elia;1
2014;;35238;RENNES;FEMME;Eliane;1
2014;;35238;RENNES;FEMME;Elisabeth;1
2014;;35238;RENNES;FEMME;Eliya;1
2014;;35238;RENNES;FEMME;Eliza;1
2014;;35238;RENNES;FEMME;Elizana;1
2014;;35238;RENNES;FEMME;Elly;1
2014;;35238;RENNES;FEMME;Eloa;1
2014;;35238;RENNES;FEMME;Elora;1
2014;;35238;RENNES;FEMME;Eloria;1
2014;;35238;RENNES;FEMME;Eloïne;1
2014;;35238;RENNES;FEMME;Elynn;1
2014;;35238;RENNES;FEMME;Elyssa;1
2014;;35238;RENNES;FEMME;Elzée;1
2014;;35238;RENNES;FEMME;Eléana;1
2014;;35238;RENNES;FEMME;Eléonora;1
2014;;35238;RENNES;FEMME;Ema;1
2014;;35238;RENNES;FEMME;Emelyne;1
2014;;35238;RENNES;FEMME;Emilia;1
2014;;35238;RENNES;FEMME;Emily;1
2014;;35238;RENNES;FEMME;Emilya;1
2014;;35238;RENNES;FEMME;Emina;1
2014;;35238;RENNES;FEMME;Emna;1
2014;;35238;RENNES;FEMME;Emnna;1
2014;;35238;RENNES;FEMME;Emyline;1
2014;;35238;RENNES;FEMME;Enaïs;1
2014;;35238;RENNES;FEMME;Enkh-Oyu;1
2014;;35238;RENNES;FEMME;Enor;1
2014;;35238;RENNES;FEMME;Erina;1
2014;;35238;RENNES;FEMME;Eryn;1
2014;;35238;RENNES;FEMME;Esilya;1
2014;;35238;RENNES;FEMME;Eslem;1
2014;;35238;RENNES;FEMME;Esmée;1
2014;;35238;RENNES;FEMME;Esra;1
2014;;35238;RENNES;FEMME;Eulalie;1
2014;;35238;RENNES;FEMME;Evangéline;1
2014;;35238;RENNES;FEMME;Evanna;1
2014;;35238;RENNES;FEMME;Eve-Lise;1
2014;;35238;RENNES;FEMME;Evelyne;1
2014;;35238;RENNES;FEMME;Evin;1
2014;;35238;RENNES;FEMME;Ewéna;1
2014;;35238;RENNES;FEMME;Eya;1
2014;;35238;RENNES;FEMME;Ezaelia;1
2014;;35238;RENNES;FEMME;Fadila;1
2014;;35238;RENNES;FEMME;Fadoua;1
2014;;35238;RENNES;FEMME;Fahyssa;1
2014;;35238;RENNES;FEMME;Faneliah;1
2014;;35238;RENNES;FEMME;Farrah;1
2014;;35238;RENNES;FEMME;Fauve;1
2014;;35238;RENNES;FEMME;Faïza;1
2014;;35238;RENNES;FEMME;Fendy;1
2014;;35238;RENNES;FEMME;Feyza;1
2014;;35238;RENNES;FEMME;Firdaws;1
2014;;35238;RENNES;FEMME;Flavie;1
2014;;35238;RENNES;FEMME;Fleuryne;1
2014;;35238;RENNES;FEMME;Flore;1
2014;;35238;RENNES;FEMME;Florie;1
2014;;35238;RENNES;FEMME;Florina;1
2014;;35238;RENNES;FEMME;Florine;1
2014;;35238;RENNES;FEMME;Florès;1
2014;;35238;RENNES;FEMME;Francesca;1
2014;;35238;RENNES;FEMME;Félicia;1
2014;;35238;RENNES;FEMME;Gabriela;1
2014;;35238;RENNES;FEMME;Gabriella;1
2014;;35238;RENNES;FEMME;Galia;1
2014;;35238;RENNES;FEMME;Gaëlle;1
2014;;35238;RENNES;FEMME;Gaïa;1
2014;;35238;RENNES;FEMME;Gaïane;1
2014;;35238;RENNES;FEMME;Geanina;1
2014;;35238;RENNES;FEMME;Gegeengunj;1
2014;;35238;RENNES;FEMME;Gelsmina;1
2014;;35238;RENNES;FEMME;Gladys;1
2014;;35238;RENNES;FEMME;Goksu;1
2014;;35238;RENNES;FEMME;Goundo;1
2014;;35238;RENNES;FEMME;Goundoba;1
2014;;35238;RENNES;FEMME;Grace-Clara;1
2014;;35238;RENNES;FEMME;Graça;1
2014;;35238;RENNES;FEMME;Grâce;1
2014;;35238;RENNES;FEMME;Gwellalouen;1
2014;;35238;RENNES;FEMME;Gwennaëlle;1
2014;;35238;RENNES;FEMME;Haby;1
2014;;35238;RENNES;FEMME;Hadjira;1
2014;;35238;RENNES;FEMME;Hael-Anissia;1
2014;;35238;RENNES;FEMME;Hajar;1
2014;;35238;RENNES;FEMME;Hanalei;1
2014;;35238;RENNES;FEMME;Hania;1
2014;;35238;RENNES;FEMME;Hanifa;1
2014;;35238;RENNES;FEMME;Hariri;1
2014;;35238;RENNES;FEMME;Hassna;1
2014;;35238;RENNES;FEMME;Hatija;1
2014;;35238;RENNES;FEMME;Havin;1
2014;;35238;RENNES;FEMME;Hayat;1
2014;;35238;RENNES;FEMME;Haïlys;1
2014;;35238;RENNES;FEMME;Hella;1
2014;;35238;RENNES;FEMME;Heloïse;1
2014;;35238;RENNES;FEMME;Helyana;1
2014;;35238;RENNES;FEMME;Hermine-Christ;1
2014;;35238;RENNES;FEMME;Hettie;1
2014;;35238;RENNES;FEMME;Heureka;1
2014;;35238;RENNES;FEMME;Hidaya;1
2014;;35238;RENNES;FEMME;Hilal;1
2014;;35238;RENNES;FEMME;Hina;1
2014;;35238;RENNES;FEMME;Hisaé;1
2014;;35238;RENNES;FEMME;Hélcia;1
2014;;35238;RENNES;FEMME;Héline;1
2014;;35238;RENNES;FEMME;Iftikhar;1
2014;;35238;RENNES;FEMME;Ilanah;1
2014;;35238;RENNES;FEMME;Ilayda;1
2014;;35238;RENNES;FEMME;Illona;1
2014;;35238;RENNES;FEMME;Ilona;1
2014;;35238;RENNES;FEMME;Ilouna;1
2014;;35238;RENNES;FEMME;Ilse;1
2014;;35238;RENNES;FEMME;Ilyana;1
2014;;35238;RENNES;FEMME;Ilyanna;1
2014;;35238;RENNES;FEMME;Iléana;1
2014;;35238;RENNES;FEMME;Iléna;1
2014;;35238;RENNES;FEMME;Ima;1
2014;;35238;RENNES;FEMME;Iman;1
2014;;35238;RENNES;FEMME;Imany;1
2014;;35238;RENNES;FEMME;Ina;1
2014;;35238;RENNES;FEMME;India;1
2014;;35238;RENNES;FEMME;Indie;1
2014;;35238;RENNES;FEMME;Indinna;1
2014;;35238;RENNES;FEMME;Ines;1
2014;;35238;RENNES;FEMME;Iness;1
2014;;35238;RENNES;FEMME;Inna;1
2014;;35238;RENNES;FEMME;Innayah;1
2014;;35238;RENNES;FEMME;Insaf;1
2014;;35238;RENNES;FEMME;Iona;1
2014;;35238;RENNES;FEMME;Irem;1
2014;;35238;RENNES;FEMME;Iricha;1
2014;;35238;RENNES;FEMME;Irma;1
2014;;35238;RENNES;FEMME;Ishoma;1
2014;;35238;RENNES;FEMME;Israe;1
2014;;35238;RENNES;FEMME;Iud-Athena;1
2014;;35238;RENNES;FEMME;Ivane;1
2014;;35238;RENNES;FEMME;Jacinte;1
2014;;35238;RENNES;FEMME;Jacinthe-Sohanne;1
2014;;35238;RENNES;FEMME;Jadelyne;1
2014;;35238;RENNES;FEMME;Jahdena;1
2014;;35238;RENNES;FEMME;Jahlyna;1
2014;;35238;RENNES;FEMME;Jamila;1
2014;;35238;RENNES;FEMME;Jana;1
2014;;35238;RENNES;FEMME;Janice;1
2014;;35238;RENNES;FEMME;Janna;1
2014;;35238;RENNES;FEMME;Jaïleen;1
2014;;35238;RENNES;FEMME;Jemima;1
2014;;35238;RENNES;FEMME;Jennypher;1
2014;;35238;RENNES;FEMME;Jercilia;1
2014;;35238;RENNES;FEMME;Jerna;1
2014;;35238;RENNES;FEMME;Jessah;1
2014;;35238;RENNES;FEMME;Jessica;1
2014;;35238;RENNES;FEMME;Jill;1
2014;;35238;RENNES;FEMME;Joana;1
2014;;35238;RENNES;FEMME;Joannie;1
2014;;35238;RENNES;FEMME;Jodie;1
2014;;35238;RENNES;FEMME;Jolyne;1
2014;;35238;RENNES;FEMME;Jouana-Socheata;1
2014;;35238;RENNES;FEMME;Joyce;1
2014;;35238;RENNES;FEMME;Jucias-Maïly;1
2014;;35238;RENNES;FEMME;Judie;1
2014;;35238;RENNES;FEMME;Judith;1
2014;;35238;RENNES;FEMME;Junya;1
2014;;35238;RENNES;FEMME;Jyänn;1
2014;;35238;RENNES;FEMME;Kahila;1
2014;;35238;RENNES;FEMME;Kahina;1
2014;;35238;RENNES;FEMME;Kailly;1
2014;;35238;RENNES;FEMME;Kalia;1
2014;;35238;RENNES;FEMME;Kaliane;1
2014;;35238;RENNES;FEMME;Kalicy;1
2014;;35238;RENNES;FEMME;Kalthoum;1
2014;;35238;RENNES;FEMME;Kalyssa;1
2014;;35238;RENNES;FEMME;Kamelia;1
2014;;35238;RENNES;FEMME;Kamila;1
2014;;35238;RENNES;FEMME;Kamilya;1
2014;;35238;RENNES;FEMME;Kamélia;1
2014;;35238;RENNES;FEMME;Karalyn;1
2014;;35238;RENNES;FEMME;Karidja;1
2014;;35238;RENNES;FEMME;Karissa;1
2014;;35238;RENNES;FEMME;Kassy;1
2014;;35238;RENNES;FEMME;Kassy-Tenessee;1
2014;;35238;RENNES;FEMME;Katalya;1
2014;;35238;RENNES;FEMME;Katalyna;1
2014;;35238;RENNES;FEMME;Kathleen;1
2014;;35238;RENNES;FEMME;Kawtar;1
2014;;35238;RENNES;FEMME;Kawthar;1
2014;;35238;RENNES;FEMME;Kayla;1
2014;;35238;RENNES;FEMME;Kaylah;1
2014;;35238;RENNES;FEMME;Kaylie;1
2014;;35238;RENNES;FEMME;Kayssie;1
2014;;35238;RENNES;FEMME;Kaysy;1
2014;;35238;RENNES;FEMME;Kayïlah;1
2014;;35238;RENNES;FEMME;Kaélya;1
2014;;35238;RENNES;FEMME;Kaëly;1
2014;;35238;RENNES;FEMME;Kaëlyss;1
2014;;35238;RENNES;FEMME;Kaïline;1
2014;;35238;RENNES;FEMME;Kaïlys;1
2014;;35238;RENNES;FEMME;Kebehan;1
2014;;35238;RENNES;FEMME;Keenah;1
2014;;35238;RENNES;FEMME;Keilya;1
2014;;35238;RENNES;FEMME;Keira;1
2014;;35238;RENNES;FEMME;Kelly;1
2014;;35238;RENNES;FEMME;Kelsy;1
2014;;35238;RENNES;FEMME;Kelya;1
2014;;35238;RENNES;FEMME;Kelza;1
2014;;35238;RENNES;FEMME;Kenaya;1
2014;;35238;RENNES;FEMME;Kenayah;1
2014;;35238;RENNES;FEMME;Kendra;1
2014;;35238;RENNES;FEMME;Keyla;1
2014;;35238;RENNES;FEMME;Keylah;1
2014;;35238;RENNES;FEMME;Keylia;1
2014;;35238;RENNES;FEMME;Keyliss;1
2014;;35238;RENNES;FEMME;Khadidja;1
2014;;35238;RENNES;FEMME;Khadijatou;1
2014;;35238;RENNES;FEMME;Khalissa;1
2014;;35238;RENNES;FEMME;Khawla;1
2014;;35238;RENNES;FEMME;Khuvizaya;1
2014;;35238;RENNES;FEMME;Khélya;1
2014;;35238;RENNES;FEMME;Kilmy;1
2014;;35238;RENNES;FEMME;Kimberly;1
2014;;35238;RENNES;FEMME;Kimmy;1
2014;;35238;RENNES;FEMME;Kinsey;1
2014;;35238;RENNES;FEMME;Klara;1
2014;;35238;RENNES;FEMME;Klervie;1
2014;;35238;RENNES;FEMME;Kloé;1
2014;;35238;RENNES;FEMME;Klélia;1
2014;;35238;RENNES;FEMME;Kléo;1
2014;;35238;RENNES;FEMME;Kory;1
2014;;35238;RENNES;FEMME;Krystale;1
2014;;35238;RENNES;FEMME;Kynaïa;1
2014;;35238;RENNES;FEMME;Kélyah;1
2014;;35238;RENNES;FEMME;Lady;1
2014;;35238;RENNES;FEMME;Lahina;1
2014;;35238;RENNES;FEMME;Lahyna;1
2014;;35238;RENNES;FEMME;Lalla-Maïssa;1
2014;;35238;RENNES;FEMME;Lamis;1
2014;;35238;RENNES;FEMME;Latifa;1
2014;;35238;RENNES;FEMME;Lauralie;1
2014;;35238;RENNES;FEMME;Laurenne;1
2014;;35238;RENNES;FEMME;Laurette;1
2014;;35238;RENNES;FEMME;Laurine;1
2014;;35238;RENNES;FEMME;Laurélyne;1
2014;;35238;RENNES;FEMME;Laya;1
2014;;35238;RENNES;FEMME;Layadie;1
2014;;35238;RENNES;FEMME;Layanah;1
2014;;35238;RENNES;FEMME;Layla;1
2014;;35238;RENNES;FEMME;Laélya;1
2014;;35238;RENNES;FEMME;Laëtitia;1
2014;;35238;RENNES;FEMME;Laïna;1
2014;;35238;RENNES;FEMME;Leana;1
2014;;35238;RENNES;FEMME;Leeloo;1
2014;;35238;RENNES;FEMME;Leia;1
2014;;35238;RENNES;FEMME;Leilany;1
2014;;35238;RENNES;FEMME;Lenaïg;1
2014;;35238;RENNES;FEMME;Leyane;1
2014;;35238;RENNES;FEMME;Leyliana;1
2014;;35238;RENNES;FEMME;Lhana;1
2014;;35238;RENNES;FEMME;Liah;1
2014;;35238;RENNES;FEMME;Liana;1
2014;;35238;RENNES;FEMME;Lilas;1
2014;;35238;RENNES;FEMME;Liliah;1
2014;;35238;RENNES;FEMME;Lilly-Rose;1
2014;;35238;RENNES;FEMME;Liloé;1
2014;;35238;RENNES;FEMME;Liloïe;1
2014;;35238;RENNES;FEMME;Linali;1
2014;;35238;RENNES;FEMME;Linda;1
2014;;35238;RENNES;FEMME;Lionetta;1
2014;;35238;RENNES;FEMME;Lissandre;1
2014;;35238;RENNES;FEMME;Lissane;1
2014;;35238;RENNES;FEMME;Liyah;1
2014;;35238;RENNES;FEMME;Liza;1
2014;;35238;RENNES;FEMME;Lizia;1
2014;;35238;RENNES;FEMME;Lizzie;1
2014;;35238;RENNES;FEMME;Lizéa;1
2014;;35238;RENNES;FEMME;Loanne;1
2014;;35238;RENNES;FEMME;Loelya;1
2014;;35238;RENNES;FEMME;Lohanne;1
2014;;35238;RENNES;FEMME;Loli;1
2014;;35238;RENNES;FEMME;Lomée;1
2014;;35238;RENNES;FEMME;Loona;1
2014;;35238;RENNES;FEMME;Lora;1
2014;;35238;RENNES;FEMME;Lorenn;1
2014;;35238;RENNES;FEMME;Lorette;1
2014;;35238;RENNES;FEMME;Loréline;1
2014;;35238;RENNES;FEMME;Lou-Beth;1
2014;;35238;RENNES;FEMME;Lou-Nell;1
2014;;35238;RENNES;FEMME;Louiza;1
2014;;35238;RENNES;FEMME;Loutfia;1
2014;;35238;RENNES;FEMME;Louwenn;1
2014;;35238;RENNES;FEMME;Loéline;1
2014;;35238;RENNES;FEMME;Loélya;1
2014;;35238;RENNES;FEMME;Loïse;1
2014;;35238;RENNES;FEMME;Loïza;1
2014;;35238;RENNES;FEMME;Lua;1
2014;;35238;RENNES;FEMME;Luana;1
2014;;35238;RENNES;FEMME;Lucia;1
2014;;35238;RENNES;FEMME;Luciana;1
2014;;35238;RENNES;FEMME;Luigina;1
2014;;35238;RENNES;FEMME;Luisa;1
2014;;35238;RENNES;FEMME;Luyhanna;1
2014;;35238;RENNES;FEMME;Lydie;1
2014;;35238;RENNES;FEMME;Lyhana;1
2014;;35238;RENNES;FEMME;Lyla;1
2014;;35238;RENNES;FEMME;Lyloo;1
2014;;35238;RENNES;FEMME;Lylou-Ambre;1
2014;;35238;RENNES;FEMME;Lylwenn;1
2014;;35238;RENNES;FEMME;Lynda;1
2014;;35238;RENNES;FEMME;Lynn;1
2014;;35238;RENNES;FEMME;Lys;1
2014;;35238;RENNES;FEMME;Lysambre;1
2014;;35238;RENNES;FEMME;Lysie;1
2014;;35238;RENNES;FEMME;Lyséa;1
2014;;35238;RENNES;FEMME;Lyvia;1
2014;;35238;RENNES;FEMME;Lyzéa;1
2014;;35238;RENNES;FEMME;Lyïa;1
2014;;35238;RENNES;FEMME;Léanna;1
2014;;35238;RENNES;FEMME;Léia;1
2014;;35238;RENNES;FEMME;Léina;1
2014;;35238;RENNES;FEMME;Lémou;1
2014;;35238;RENNES;FEMME;Lénays;1
2014;;35238;RENNES;FEMME;Lénaëlle;1
2014;;35238;RENNES;FEMME;Lénaïs;1
2014;;35238;RENNES;FEMME;Lénicya;1
2014;;35238;RENNES;FEMME;Léone;1
2014;;35238;RENNES;FEMME;Léonice;1
2014;;35238;RENNES;FEMME;Léïa;1
2014;;35238;RENNES;FEMME;Lïa;1
2014;;35238;RENNES;FEMME;Lïjah;1
2014;;35238;RENNES;FEMME;Maddy;1
2014;;35238;RENNES;FEMME;Madeline;1
2014;;35238;RENNES;FEMME;Madiha;1
2014;;35238;RENNES;FEMME;Maelya;1
2014;;35238;RENNES;FEMME;Magalie;1
2014;;35238;RENNES;FEMME;Mahaut;1
2014;;35238;RENNES;FEMME;Mahlika;1
2014;;35238;RENNES;FEMME;Mahora;1
2014;;35238;RENNES;FEMME;Mahwa;1
2014;;35238;RENNES;FEMME;Mai-Anh;1
2014;;35238;RENNES;FEMME;Maida;1
2014;;35238;RENNES;FEMME;Maiwenn;1
2014;;35238;RENNES;FEMME;Malak;1
2014;;35238;RENNES;FEMME;Malaz;1
2014;;35238;RENNES;FEMME;Malikah;1
2014;;35238;RENNES;FEMME;Malivanh;1
2014;;35238;RENNES;FEMME;Mallaury;1
2014;;35238;RENNES;FEMME;Malou;1
2014;;35238;RENNES;FEMME;Malya;1
2014;;35238;RENNES;FEMME;Mam;1
2014;;35238;RENNES;FEMME;Manal;1
2014;;35238;RENNES;FEMME;Manaëlle;1
2014;;35238;RENNES;FEMME;Manuella;1
2014;;35238;RENNES;FEMME;Mané;1
2014;;35238;RENNES;FEMME;Manée;1
2014;;35238;RENNES;FEMME;Margaud;1
2014;;35238;RENNES;FEMME;Marguerite;1
2014;;35238;RENNES;FEMME;Maria-Shaynez;1
2014;;35238;RENNES;FEMME;Mariame;1
2014;;35238;RENNES;FEMME;Marie-Christiane;1
2014;;35238;RENNES;FEMME;Marie-Emeraude;1
2014;;35238;RENNES;FEMME;Marie-Perrine;1
2014;;35238;RENNES;FEMME;Mariette;1
2014;;35238;RENNES;FEMME;Marina;1
2014;;35238;RENNES;FEMME;Marine-Eden;1
2014;;35238;RENNES;FEMME;Mariya;1
2014;;35238;RENNES;FEMME;Marwa;1
2014;;35238;RENNES;FEMME;Maryline;1
2014;;35238;RENNES;FEMME;Maryloo;1
2014;;35238;RENNES;FEMME;Marylou;1
2014;;35238;RENNES;FEMME;Maryssa;1
2014;;35238;RENNES;FEMME;Marème;1
2014;;35238;RENNES;FEMME;Masa;1
2014;;35238;RENNES;FEMME;Matilde;1
2014;;35238;RENNES;FEMME;May;1
2014;;35238;RENNES;FEMME;Maylee;1
2014;;35238;RENNES;FEMME;Mayra;1
2014;;35238;RENNES;FEMME;Mayssah;1
2014;;35238;RENNES;FEMME;Maélina;1
2014;;35238;RENNES;FEMME;Maéline;1
2014;;35238;RENNES;FEMME;Maélyn;1
2014;;35238;RENNES;FEMME;Maéna;1
2014;;35238;RENNES;FEMME;Maéva;1
2014;;35238;RENNES;FEMME;Maë;1
2014;;35238;RENNES;FEMME;Maëlana;1
2014;;35238;RENNES;FEMME;Maëlann;1
2014;;35238;RENNES;FEMME;Maëlou;1
2014;;35238;RENNES;FEMME;Maëlyss;1
2014;;35238;RENNES;FEMME;Maï-Li;1
2014;;35238;RENNES;FEMME;Maïana;1
2014;;35238;RENNES;FEMME;Maïla;1
2014;;35238;RENNES;FEMME;Maïlane;1
2014;;35238;RENNES;FEMME;Maïli;1
2014;;35238;RENNES;FEMME;Maïly;1
2014;;35238;RENNES;FEMME;Maïlyne;1
2014;;35238;RENNES;FEMME;Maïmouna-Léa;1
2014;;35238;RENNES;FEMME;Maïwenne;1
2014;;35238;RENNES;FEMME;Mei-Jeanne;1
2014;;35238;RENNES;FEMME;Meiwen;1
2014;;35238;RENNES;FEMME;Melek;1
2014;;35238;RENNES;FEMME;Melenn;1
2014;;35238;RENNES;FEMME;Melike;1
2014;;35238;RENNES;FEMME;Melissa;1
2014;;35238;RENNES;FEMME;Melissandre;1
2014;;35238;RENNES;FEMME;Mellina;1
2014;;35238;RENNES;FEMME;Melwenn;1
2014;;35238;RENNES;FEMME;Meriem;1
2014;;35238;RENNES;FEMME;Merucha;1
2014;;35238;RENNES;FEMME;Meya;1
2014;;35238;RENNES;FEMME;Meyssoun;1
2014;;35238;RENNES;FEMME;Meï;1
2014;;35238;RENNES;FEMME;Meï-Ly;1
2014;;35238;RENNES;FEMME;Meï-Lyn;1
2014;;35238;RENNES;FEMME;Meïssa;1
2014;;35238;RENNES;FEMME;Michelle;1
2014;;35238;RENNES;FEMME;Michid;1
2014;;35238;RENNES;FEMME;Mickaëla;1
2014;;35238;RENNES;FEMME;Mifuyu;1
2014;;35238;RENNES;FEMME;Milla;1
2014;;35238;RENNES;FEMME;Millycene;1
2014;;35238;RENNES;FEMME;Mily;1
2014;;35238;RENNES;FEMME;Minata;1
2014;;35238;RENNES;FEMME;Miray;1
2014;;35238;RENNES;FEMME;Mirelys;1
2014;;35238;RENNES;FEMME;Mithé;1
2014;;35238;RENNES;FEMME;Miya;1
2014;;35238;RENNES;FEMME;Moinalali;1
2014;;35238;RENNES;FEMME;Moinapaoune;1
2014;;35238;RENNES;FEMME;Molly;1
2014;;35238;RENNES;FEMME;Monique;1
2014;;35238;RENNES;FEMME;Montaine;1
2014;;35238;RENNES;FEMME;Moïra;1
2014;;35238;RENNES;FEMME;Mya;1
2014;;35238;RENNES;FEMME;Myla;1
2014;;35238;RENNES;FEMME;Mylliana;1
2014;;35238;RENNES;FEMME;Myriam;1
2014;;35238;RENNES;FEMME;Myrina;1
2014;;35238;RENNES;FEMME;Myrtille;1
2014;;35238;RENNES;FEMME;Mélinda;1
2014;;35238;RENNES;FEMME;Mélissia;1
2014;;35238;RENNES;FEMME;Mélusine;1
2014;;35238;RENNES;FEMME;Mélyna;1
2014;;35238;RENNES;FEMME;Mélyssa-Lou;1
2014;;35238;RENNES;FEMME;Méryem;1
2014;;35238;RENNES;FEMME;Mérylle;1
2014;;35238;RENNES;FEMME;Méwenn;1
2014;;35238;RENNES;FEMME;Nada;1
2014;;35238;RENNES;FEMME;Nadiya;1
2014;;35238;RENNES;FEMME;Naelle;1
2014;;35238;RENNES;FEMME;Nailyah;1
2014;;35238;RENNES;FEMME;Naissé;1
2014;;35238;RENNES;FEMME;Naja-Imène;1
2014;;35238;RENNES;FEMME;Najla;1
2014;;35238;RENNES;FEMME;Najma;1
2014;;35238;RENNES;FEMME;Nalia;1
2014;;35238;RENNES;FEMME;Namy;1
2014;;35238;RENNES;FEMME;Naomi;1
2014;;35238;RENNES;FEMME;Naouëlle;1
2014;;35238;RENNES;FEMME;Narjès;1
2014;;35238;RENNES;FEMME;Nasma;1
2014;;35238;RENNES;FEMME;Nasra;1
2014;;35238;RENNES;FEMME;Nassia;1
2014;;35238;RENNES;FEMME;Nassrine-Aya;1
2014;;35238;RENNES;FEMME;Natalia;1
2014;;35238;RENNES;FEMME;Navah;1
2014;;35238;RENNES;FEMME;Nayeli;1
2014;;35238;RENNES;FEMME;Naysline;1
2014;;35238;RENNES;FEMME;Naëlys;1
2014;;35238;RENNES;FEMME;Naïa;1
2014;;35238;RENNES;FEMME;Naïma;1
2014;;35238;RENNES;FEMME;Naïs;1
2014;;35238;RENNES;FEMME;Naïya;1
2014;;35238;RENNES;FEMME;Neela-Rose;1
2014;;35238;RENNES;FEMME;Nefize;1
2014;;35238;RENNES;FEMME;Nell;1
2014;;35238;RENNES;FEMME;Nessia;1
2014;;35238;RENNES;FEMME;Neyla;1
2014;;35238;RENNES;FEMME;Neyline;1
2014;;35238;RENNES;FEMME;Neï-Lou;1
2014;;35238;RENNES;FEMME;Nilab;1
2014;;35238;RENNES;FEMME;Nirina;1
2014;;35238;RENNES;FEMME;Nisanur;1
2014;;35238;RENNES;FEMME;Nita;1
2014;;35238;RENNES;FEMME;Noela;1
2014;;35238;RENNES;FEMME;Noeli;1
2014;;35238;RENNES;FEMME;Nohaila;1
2014;;35238;RENNES;FEMME;Nonna;1
2014;;35238;RENNES;FEMME;Nourane;1
2014;;35238;RENNES;FEMME;Noélya;1
2014;;35238;RENNES;FEMME;Noëlya;1
2014;;35238;RENNES;FEMME;Noëlyne;1
2014;;35238;RENNES;FEMME;Noëlynn;1
2014;;35238;RENNES;FEMME;Nwanak-Célestine;1
2014;;35238;RENNES;FEMME;Néoline;1
2014;;35238;RENNES;FEMME;Néva;1
2014;;35238;RENNES;FEMME;Odalys;1
2014;;35238;RENNES;FEMME;Ohiana;1
2014;;35238;RENNES;FEMME;Olympe;1
2014;;35238;RENNES;FEMME;Ombline;1
2014;;35238;RENNES;FEMME;Ophelia;1
2014;;35238;RENNES;FEMME;Or-Ides;1
2014;;35238;RENNES;FEMME;Oracle;1
2014;;35238;RENNES;FEMME;Orlane;1
2014;;35238;RENNES;FEMME;Ornella;1
2014;;35238;RENNES;FEMME;Ortal;1
2014;;35238;RENNES;FEMME;Oxane;1
2014;;35238;RENNES;FEMME;Ozvan;1
2014;;35238;RENNES;FEMME;Paloma;1
2014;;35238;RENNES;FEMME;Paola;1
2014;;35238;RENNES;FEMME;Paolina;1
2014;;35238;RENNES;FEMME;Paula;1
2014;;35238;RENNES;FEMME;Perle;1
2014;;35238;RENNES;FEMME;Peytone;1
2014;;35238;RENNES;FEMME;Phoebe;1
2014;;35238;RENNES;FEMME;Pisga;1
2014;;35238;RENNES;FEMME;Princesse;1
2014;;35238;RENNES;FEMME;Priscille;1
2014;;35238;RENNES;FEMME;Prissana;1
2014;;35238;RENNES;FEMME;Prune;1
2014;;35238;RENNES;FEMME;Purity;1
2014;;35238;RENNES;FEMME;Pénélope;1
2014;;35238;RENNES;FEMME;Quitterie;1
2014;;35238;RENNES;FEMME;Rachika;1
2014;;35238;RENNES;FEMME;Rahima;1
2014;;35238;RENNES;FEMME;Ranya;1
2014;;35238;RENNES;FEMME;Rasana;1
2014;;35238;RENNES;FEMME;Rassna;1
2014;;35238;RENNES;FEMME;Raulia;1
2014;;35238;RENNES;FEMME;Ravza;1
2014;;35238;RENNES;FEMME;Raynelle;1
2014;;35238;RENNES;FEMME;Raïlyne;1
2014;;35238;RENNES;FEMME;Rebecca;1
2014;;35238;RENNES;FEMME;Reina;1
2014;;35238;RENNES;FEMME;Remzija;1
2014;;35238;RENNES;FEMME;Reyleen;1
2014;;35238;RENNES;FEMME;Rhéa;1
2014;;35238;RENNES;FEMME;Rim;1
2014;;35238;RENNES;FEMME;Rima;1
2014;;35238;RENNES;FEMME;Rimès;1
2014;;35238;RENNES;FEMME;Riteg;1
2014;;35238;RENNES;FEMME;Riwa;1
2014;;35238;RENNES;FEMME;Rochelle;1
2014;;35238;RENNES;FEMME;Rodreïynha;1
2014;;35238;RENNES;FEMME;Romayssa;1
2014;;35238;RENNES;FEMME;Rosanne;1
2014;;35238;RENNES;FEMME;Roselaure;1
2014;;35238;RENNES;FEMME;Rosemarie;1
2014;;35238;RENNES;FEMME;Rothana-Océan;1
2014;;35238;RENNES;FEMME;Rougui;1
2014;;35238;RENNES;FEMME;Roxanne;1
2014;;35238;RENNES;FEMME;Rozara;1
2014;;35238;RENNES;FEMME;Rozenn;1
2014;;35238;RENNES;FEMME;Rym;1
2014;;35238;RENNES;FEMME;Réjane;1
2014;;35238;RENNES;FEMME;Safaa;1
2014;;35238;RENNES;FEMME;Safia;1
2014;;35238;RENNES;FEMME;Safiya;1
2014;;35238;RENNES;FEMME;Safiyo;1
2014;;35238;RENNES;FEMME;Safâ;1
2014;;35238;RENNES;FEMME;Sahinya;1
2014;;35238;RENNES;FEMME;Sahra;1
2014;;35238;RENNES;FEMME;Sakyna;1
2014;;35238;RENNES;FEMME;Salimata;1
2014;;35238;RENNES;FEMME;Salma;1
2014;;35238;RENNES;FEMME;Saloua;1
2014;;35238;RENNES;FEMME;Samara;1
2014;;35238;RENNES;FEMME;Sammi;1
2014;;35238;RENNES;FEMME;Samuella-Noémie;1
2014;;35238;RENNES;FEMME;Samuelle;1
2014;;35238;RENNES;FEMME;Sane;1
2014;;35238;RENNES;FEMME;Sarya;1
2014;;35238;RENNES;FEMME;Savanah;1
2014;;35238;RENNES;FEMME;Saxa;1
2014;;35238;RENNES;FEMME;Selene;1
2014;;35238;RENNES;FEMME;Selenn;1
2014;;35238;RENNES;FEMME;Selmedina;1
2014;;35238;RENNES;FEMME;Sema;1
2014;;35238;RENNES;FEMME;Seraya;1
2014;;35238;RENNES;FEMME;Serena;1
2014;;35238;RENNES;FEMME;Servane;1
2014;;35238;RENNES;FEMME;Shaden;1
2014;;35238;RENNES;FEMME;Shadey;1
2014;;35238;RENNES;FEMME;Shahad;1
2014;;35238;RENNES;FEMME;Shanel;1
2014;;35238;RENNES;FEMME;Shanon;1
2014;;35238;RENNES;FEMME;Shanya;1
2014;;35238;RENNES;FEMME;Shayraana;1
2014;;35238;RENNES;FEMME;Shaéline;1
2014;;35238;RENNES;FEMME;Shaïnes;1
2014;;35238;RENNES;FEMME;Shaïnna;1
2014;;35238;RENNES;FEMME;Shekina;1
2014;;35238;RENNES;FEMME;Shelsy;1
2014;;35238;RENNES;FEMME;Sherazade;1
2014;;35238;RENNES;FEMME;Shey-Nee;1
2014;;35238;RENNES;FEMME;Sheyma;1
2014;;35238;RENNES;FEMME;Sheïlane;1
2014;;35238;RENNES;FEMME;Sheïna;1
2014;;35238;RENNES;FEMME;Shirley;1
2014;;35238;RENNES;FEMME;Shovone;1
2014;;35238;RENNES;FEMME;Siam;1
2014;;35238;RENNES;FEMME;Siana;1
2014;;35238;RENNES;FEMME;Sianna;1
2014;;35238;RENNES;FEMME;Sila;1
2014;;35238;RENNES;FEMME;Silga;1
2014;;35238;RENNES;FEMME;Silia;1
2014;;35238;RENNES;FEMME;Sinéade;1
2014;;35238;RENNES;FEMME;Soazic;1
2014;;35238;RENNES;FEMME;Sofya;1
2014;;35238;RENNES;FEMME;Soleil;1
2014;;35238;RENNES;FEMME;Solyne;1
2014;;35238;RENNES;FEMME;Solène;1
2014;;35238;RENNES;FEMME;Soléane;1
2014;;35238;RENNES;FEMME;Souheïla;1
2014;;35238;RENNES;FEMME;Soukamba;1
2014;;35238;RENNES;FEMME;Soukaye;1
2014;;35238;RENNES;FEMME;Soumeya;1
2014;;35238;RENNES;FEMME;Soundous;1
2014;;35238;RENNES;FEMME;Stacy;1
2014;;35238;RENNES;FEMME;Steffy;1
2014;;35238;RENNES;FEMME;Sterenn;1
2014;;35238;RENNES;FEMME;Sue;1
2014;;35238;RENNES;FEMME;Sumayya;1
2014;;35238;RENNES;FEMME;Suzane;1
2014;;35238;RENNES;FEMME;Svetlana;1
2014;;35238;RENNES;FEMME;Swaïlly;1
2014;;35238;RENNES;FEMME;Sylia;1
2014;;35238;RENNES;FEMME;Synda;1
2014;;35238;RENNES;FEMME;Syrine;1
2014;;35238;RENNES;FEMME;Systha;1
2014;;35238;RENNES;FEMME;Sélena;1
2014;;35238;RENNES;FEMME;Sélia;1
2014;;35238;RENNES;FEMME;Sélima;1
2014;;35238;RENNES;FEMME;Sélénia;1
2014;;35238;RENNES;FEMME;Séréna;1
2014;;35238;RENNES;FEMME;Sévrina;1
2014;;35238;RENNES;FEMME;Sïana;1
2014;;35238;RENNES;FEMME;Sümeyye;1
2014;;35238;RENNES;FEMME;Tabara;1
2014;;35238;RENNES;FEMME;Tadjiriya;1
2014;;35238;RENNES;FEMME;Tahira;1
2014;;35238;RENNES;FEMME;Tahys;1
2014;;35238;RENNES;FEMME;Talia;1
2014;;35238;RENNES;FEMME;Tamara;1
2014;;35238;RENNES;FEMME;Tamira;1
2014;;35238;RENNES;FEMME;Taona;1
2014;;35238;RENNES;FEMME;Tasnim;1
2014;;35238;RENNES;FEMME;Tasnime;1
2014;;35238;RENNES;FEMME;Tatiana;1
2014;;35238;RENNES;FEMME;Tayla;1
2014;;35238;RENNES;FEMME;Taïssy;1
2014;;35238;RENNES;FEMME;Teeyah;1
2014;;35238;RENNES;FEMME;Teldyna;1
2014;;35238;RENNES;FEMME;Tenessy;1
2014;;35238;RENNES;FEMME;Tesnim;1
2014;;35238;RENNES;FEMME;Tessia;1
2014;;35238;RENNES;FEMME;Thallia;1
2014;;35238;RENNES;FEMME;Thayana;1
2014;;35238;RENNES;FEMME;Thaylinna;1
2014;;35238;RENNES;FEMME;Thaïna;1
2014;;35238;RENNES;FEMME;Thaïssa;1
2014;;35238;RENNES;FEMME;Thaïssy;1
2014;;35238;RENNES;FEMME;Thia;1
2014;;35238;RENNES;FEMME;Thoanne;1
2014;;35238;RENNES;FEMME;Thya;1
2014;;35238;RENNES;FEMME;Thémis;1
2014;;35238;RENNES;FEMME;Théodora;1
2014;;35238;RENNES;FEMME;Tia;1
2014;;35238;RENNES;FEMME;Tifenn;1
2014;;35238;RENNES;FEMME;Tilda;1
2014;;35238;RENNES;FEMME;Timéa;1
2014;;35238;RENNES;FEMME;Tina;1
2014;;35238;RENNES;FEMME;Tiphaine;1
2014;;35238;RENNES;FEMME;Téa;1
2014;;35238;RENNES;FEMME;Téhanie;1
2014;;35238;RENNES;FEMME;Valérie;1
2014;;35238;RENNES;FEMME;Vanessa;1
2014;;35238;RENNES;FEMME;Victoriana;1
2014;;35238;RENNES;FEMME;Viktoria;1
2014;;35238;RENNES;FEMME;Vélia-Kim;1
2014;;35238;RENNES;FEMME;Vénusia;1
2014;;35238;RENNES;FEMME;Wijdaine;1
2014;;35238;RENNES;FEMME;Willow;1
2014;;35238;RENNES;FEMME;Wissel;1
2014;;35238;RENNES;FEMME;Wivine-Sofia;1
2014;;35238;RENNES;FEMME;Yana;1
2014;;35238;RENNES;FEMME;Yara;1
2014;;35238;RENNES;FEMME;Yasmeen;1
2014;;35238;RENNES;FEMME;Yaële;1
2014;;35238;RENNES;FEMME;Yidan;1
2014;;35238;RENNES;FEMME;Ylana;1
2014;;35238;RENNES;FEMME;Ylona;1
2014;;35238;RENNES;FEMME;Ynes;1
2014;;35238;RENNES;FEMME;Yness;1
2014;;35238;RENNES;FEMME;Yniva;1
2014;;35238;RENNES;FEMME;Youmna;1
2014;;35238;RENNES;FEMME;Youssra;1
2014;;35238;RENNES;FEMME;Ysa;1
2014;;35238;RENNES;FEMME;Ysaline;1
2014;;35238;RENNES;FEMME;Ysaé;1
2014;;35238;RENNES;FEMME;Ysée;1
2014;;35238;RENNES;FEMME;Yuya;1
2014;;35238;RENNES;FEMME;Yéli;1
2014;;35238;RENNES;FEMME;Zayna;1
2014;;35238;RENNES;FEMME;Zaynab;1
2014;;35238;RENNES;FEMME;Zayneb;1
2014;;35238;RENNES;FEMME;Zayra;1
2014;;35238;RENNES;FEMME;Zehra;1
2014;;35238;RENNES;FEMME;Zeinab;1
2014;;35238;RENNES;FEMME;Zeyneb;1
2014;;35238;RENNES;FEMME;Zia;1
2014;;35238;RENNES;FEMME;Zilan;1
2014;;35238;RENNES;FEMME;Zita;1
2014;;35238;RENNES;FEMME;Zoa;1
2014;;35238;RENNES;FEMME;Zohra;1
2014;;35238;RENNES;FEMME;Zora;1
2014;;35238;RENNES;FEMME;Zély;1
2014;;35238;RENNES;FEMME;Églantine;1
2014;;35238;RENNES;FEMME;Élena;1
2014;;35238;RENNES;FEMME;Éloïse;1
2014;;35238;RENNES;FEMME;Éléa;1
2014;;35238;RENNES;FEMME;Éléana;1
2014;;35238;RENNES;FEMME;Éléna;1
2014;;35238;RENNES;FEMME;Éléonore;1
2014;;35238;RENNES;FEMME;Éma;1
2014;;35238;RENNES;FEMME;Émy;1
2014;;35238;RENNES;HOMME;Arthur;64
2014;;35238;RENNES;HOMME;Raphaël;58
2014;;35238;RENNES;HOMME;Camille;55
2014;;35238;RENNES;HOMME;Lucas;55
2014;;35238;RENNES;HOMME;Paul;52
2014;;35238;RENNES;HOMME;Léo;47
2014;;35238;RENNES;HOMME;Louis;46
2014;;35238;RENNES;HOMME;Sacha;44
2014;;35238;RENNES;HOMME;Gabriel;43
2014;;35238;RENNES;HOMME;Hugo;43
2014;;35238;RENNES;HOMME;Jules;40
2014;;35238;RENNES;HOMME;Axel;37
2014;;35238;RENNES;HOMME;Malo;35
2014;;35238;RENNES;HOMME;Mathis;35
2014;;35238;RENNES;HOMME;Liam;34
2014;;35238;RENNES;HOMME;Tom;34
2014;;35238;RENNES;HOMME;Ethan;33
2014;;35238;RENNES;HOMME;Clément;32
2014;;35238;RENNES;HOMME;Gabin;31
2014;;35238;RENNES;HOMME;Ewen;30
2014;;35238;RENNES;HOMME;Maël;30
2014;;35238;RENNES;HOMME;Marius;28
2014;;35238;RENNES;HOMME;Nathan;28
2014;;35238;RENNES;HOMME;Noah;28
2014;;35238;RENNES;HOMME;Nolan;28
2014;;35238;RENNES;HOMME;Timéo;28
2014;;35238;RENNES;HOMME;Mathéo;26
2014;;35238;RENNES;HOMME;Théo;26
2014;;35238;RENNES;HOMME;Martin;25
2014;;35238;RENNES;HOMME;Simon;25
2014;;35238;RENNES;HOMME;Yanis;25
2014;;35238;RENNES;HOMME;Quentin;24
2014;;35238;RENNES;HOMME;Baptiste;23
2014;;35238;RENNES;HOMME;Enzo;23
2014;;35238;RENNES;HOMME;Evan;23
2014;;35238;RENNES;HOMME;Alexis;22
2014;;35238;RENNES;HOMME;Noé;22
2014;;35238;RENNES;HOMME;Victor;20
2014;;35238;RENNES;HOMME;Adam;19
2014;;35238;RENNES;HOMME;Eliott;19
2014;;35238;RENNES;HOMME;Valentin;19
2014;;35238;RENNES;HOMME;Alix;18
2014;;35238;RENNES;HOMME;Eden;18
2014;;35238;RENNES;HOMME;Maxence;18
2014;;35238;RENNES;HOMME;Thibault;18
2014;;35238;RENNES;HOMME;Antoine;17
2014;;35238;RENNES;HOMME;Charlie;17
2014;;35238;RENNES;HOMME;Lou;17
2014;;35238;RENNES;HOMME;Thomas;17
2014;;35238;RENNES;HOMME;Robin;16
2014;;35238;RENNES;HOMME;Timothée;16
2014;;35238;RENNES;HOMME;Alexandre;15
2014;;35238;RENNES;HOMME;Léon;15
2014;;35238;RENNES;HOMME;Gaspard;14
2014;;35238;RENNES;HOMME;Jean;14
2014;;35238;RENNES;HOMME;Maxime;14
2014;;35238;RENNES;HOMME;Naël;13
2014;;35238;RENNES;HOMME;Nino;13
2014;;35238;RENNES;HOMME;Oscar;13
2014;;35238;RENNES;HOMME;Pierre;13
2014;;35238;RENNES;HOMME;Thaïs;13
2014;;35238;RENNES;HOMME;Aaron;12
2014;;35238;RENNES;HOMME;Antonin;12
2014;;35238;RENNES;HOMME;Louison;12
2014;;35238;RENNES;HOMME;Augustin;11
2014;;35238;RENNES;HOMME;Léandre;11
2014;;35238;RENNES;HOMME;Milo;11
2014;;35238;RENNES;HOMME;Tiago;11
2014;;35238;RENNES;HOMME;Titouan;11
2014;;35238;RENNES;HOMME;Bastien;10
2014;;35238;RENNES;HOMME;Corentin;10
2014;;35238;RENNES;HOMME;Isaac;10
2014;;35238;RENNES;HOMME;Lenny;10
2014;;35238;RENNES;HOMME;Lilian;10
2014;;35238;RENNES;HOMME;Loan;10
2014;;35238;RENNES;HOMME;Owen;10
2014;;35238;RENNES;HOMME;Rayan;10
2014;;35238;RENNES;HOMME;Côme;9
2014;;35238;RENNES;HOMME;Esteban;9
2014;;35238;RENNES;HOMME;Julian;9
2014;;35238;RENNES;HOMME;Mahé;9
2014;;35238;RENNES;HOMME;Marin;9
2014;;35238;RENNES;HOMME;Noa;9
2014;;35238;RENNES;HOMME;Ruben;9
2014;;35238;RENNES;HOMME;Sasha;9
2014;;35238;RENNES;HOMME;Alban;8
2014;;35238;RENNES;HOMME;Basile;8
2014;;35238;RENNES;HOMME;Ewenn;8
2014;;35238;RENNES;HOMME;Johan;8
2014;;35238;RENNES;HOMME;Joseph;8
2014;;35238;RENNES;HOMME;Loïs;8
2014;;35238;RENNES;HOMME;Lucien;8
2014;;35238;RENNES;HOMME;Marceau;8
2014;;35238;RENNES;HOMME;Mathieu;8
2014;;35238;RENNES;HOMME;Noam;8
2014;;35238;RENNES;HOMME;Samuel;8
2014;;35238;RENNES;HOMME;Soan;8
2014;;35238;RENNES;HOMME;Albin;7
2014;;35238;RENNES;HOMME;Andréa;7
2014;;35238;RENNES;HOMME;Edgar;7
2014;;35238;RENNES;HOMME;Elias;7
2014;;35238;RENNES;HOMME;Félix;7
2014;;35238;RENNES;HOMME;Henri;7
2014;;35238;RENNES;HOMME;Ilan;7
2014;;35238;RENNES;HOMME;Kenzo;7
2014;;35238;RENNES;HOMME;Louka;7
2014;;35238;RENNES;HOMME;Mathys;7
2014;;35238;RENNES;HOMME;Milan;7
2014;;35238;RENNES;HOMME;Mohamed;7
2014;;35238;RENNES;HOMME;Nolhan;7
2014;;35238;RENNES;HOMME;Yaël;7
2014;;35238;RENNES;HOMME;Adrien;6
2014;;35238;RENNES;HOMME;Aloïs;6
2014;;35238;RENNES;HOMME;Auguste;6
2014;;35238;RENNES;HOMME;Benjamin;6
2014;;35238;RENNES;HOMME;Charly;6
2014;;35238;RENNES;HOMME;Diego;6
2014;;35238;RENNES;HOMME;Dylan;6
2014;;35238;RENNES;HOMME;Eliot;6
2014;;35238;RENNES;HOMME;Gustave;6
2014;;35238;RENNES;HOMME;Ibrahim;6
2014;;35238;RENNES;HOMME;Ilyes;6
2014;;35238;RENNES;HOMME;Léonard;6
2014;;35238;RENNES;HOMME;Mathias;6
2014;;35238;RENNES;HOMME;Matéo;6
2014;;35238;RENNES;HOMME;Maé;6
2014;;35238;RENNES;HOMME;Pablo;6
2014;;35238;RENNES;HOMME;Pacôme;6
2014;;35238;RENNES;HOMME;Romain;6
2014;;35238;RENNES;HOMME;Swan;6
2014;;35238;RENNES;HOMME;Ylan;6
2014;;35238;RENNES;HOMME;Youenn;6
2014;;35238;RENNES;HOMME;Abel;5
2014;;35238;RENNES;HOMME;Ali;5
2014;;35238;RENNES;HOMME;Anatole;5
2014;;35238;RENNES;HOMME;Arsène;5
2014;;35238;RENNES;HOMME;Bilal;5
2014;;35238;RENNES;HOMME;Bryan;5
2014;;35238;RENNES;HOMME;Charles;5
2014;;35238;RENNES;HOMME;Colin;5
2014;;35238;RENNES;HOMME;Eliaz;5
2014;;35238;RENNES;HOMME;Elio;5
2014;;35238;RENNES;HOMME;Elliot;5
2014;;35238;RENNES;HOMME;Elouan;5
2014;;35238;RENNES;HOMME;Ewan;5
2014;;35238;RENNES;HOMME;Ilyès;5
2014;;35238;RENNES;HOMME;Jonas;5
2014;;35238;RENNES;HOMME;Kaïs;5
2014;;35238;RENNES;HOMME;Kylian;5
2014;;35238;RENNES;HOMME;Lorenzo;5
2014;;35238;RENNES;HOMME;Luka;5
2014;;35238;RENNES;HOMME;Lyam;5
2014;;35238;RENNES;HOMME;Mattéo;5
2014;;35238;RENNES;HOMME;Mehdi;5
2014;;35238;RENNES;HOMME;Morgan;5
2014;;35238;RENNES;HOMME;Sofiane;5
2014;;35238;RENNES;HOMME;Sohan;5
2014;;35238;RENNES;HOMME;Timothé;5
2014;;35238;RENNES;HOMME;William;5
2014;;35238;RENNES;HOMME;Yann;5
2014;;35238;RENNES;HOMME;Younes;5
2014;;35238;RENNES;HOMME;Zacharie;5
2014;;35238;RENNES;HOMME;Adem;4
2014;;35238;RENNES;HOMME;Ahmed;4
2014;;35238;RENNES;HOMME;Ahmet;4
2014;;35238;RENNES;HOMME;Alan;4
2014;;35238;RENNES;HOMME;Armel;4
2014;;35238;RENNES;HOMME;Briac;4
2014;;35238;RENNES;HOMME;Cameron;4
2014;;35238;RENNES;HOMME;Célian;4
2014;;35238;RENNES;HOMME;Emile;4
2014;;35238;RENNES;HOMME;Erwan;4
2014;;35238;RENNES;HOMME;Etienne;4
2014;;35238;RENNES;HOMME;Evann;4
2014;;35238;RENNES;HOMME;Eymen;4
2014;;35238;RENNES;HOMME;Florian;4
2014;;35238;RENNES;HOMME;Gwendal;4
2014;;35238;RENNES;HOMME;Ilyas;4
2014;;35238;RENNES;HOMME;James;4
2014;;35238;RENNES;HOMME;Joshua;4
2014;;35238;RENNES;HOMME;Kenji;4
2014;;35238;RENNES;HOMME;Kilian;4
2014;;35238;RENNES;HOMME;Logan;4
2014;;35238;RENNES;HOMME;Loïc;4
2014;;35238;RENNES;HOMME;Léopold;4
2014;;35238;RENNES;HOMME;Marvin;4
2014;;35238;RENNES;HOMME;Mewen;4
2014;;35238;RENNES;HOMME;Naïm;4
2014;;35238;RENNES;HOMME;Nolann;4
2014;;35238;RENNES;HOMME;Paco;4
2014;;35238;RENNES;HOMME;Rayane;4
2014;;35238;RENNES;HOMME;Roméo;4
2014;;35238;RENNES;HOMME;Sami;4
2014;;35238;RENNES;HOMME;Siméon;4
2014;;35238;RENNES;HOMME;Sohann;4
2014;;35238;RENNES;HOMME;Tilio;4
2014;;35238;RENNES;HOMME;Tyméo;4
2014;;35238;RENNES;HOMME;Yaniss;4
2014;;35238;RENNES;HOMME;Yassin;4
2014;;35238;RENNES;HOMME;Yassine;4
2014;;35238;RENNES;HOMME;Ylann;4
2014;;35238;RENNES;HOMME;Achille;3
2014;;35238;RENNES;HOMME;Alec;3
2014;;35238;RENNES;HOMME;Amir;3
2014;;35238;RENNES;HOMME;Anaël;3
2014;;35238;RENNES;HOMME;Andrea;3
2014;;35238;RENNES;HOMME;Awen;3
2014;;35238;RENNES;HOMME;Célestin;3
2014;;35238;RENNES;HOMME;Damien;3
2014;;35238;RENNES;HOMME;Daniel;3
2014;;35238;RENNES;HOMME;David;3
2014;;35238;RENNES;HOMME;Edern;3
2014;;35238;RENNES;HOMME;Elie;3
2014;;35238;RENNES;HOMME;Eloann;3
2014;;35238;RENNES;HOMME;Elouen;3
2014;;35238;RENNES;HOMME;Elwen;3
2014;;35238;RENNES;HOMME;Elyas;3
2014;;35238;RENNES;HOMME;Ernest;3
2014;;35238;RENNES;HOMME;Estéban;3
2014;;35238;RENNES;HOMME;Eyden;3
2014;;35238;RENNES;HOMME;Gaston;3
2014;;35238;RENNES;HOMME;Gauthier;3
2014;;35238;RENNES;HOMME;Guillaume;3
2014;;35238;RENNES;HOMME;Gurvan;3
2014;;35238;RENNES;HOMME;Gwenn;3
2014;;35238;RENNES;HOMME;Hamza;3
2014;;35238;RENNES;HOMME;Haroun;3
2014;;35238;RENNES;HOMME;Hayden;3
2014;;35238;RENNES;HOMME;Hippolyte;3
2014;;35238;RENNES;HOMME;Imrane;3
2014;;35238;RENNES;HOMME;Isleym;3
2014;;35238;RENNES;HOMME;Ismaël;3
2014;;35238;RENNES;HOMME;Issam;3
2014;;35238;RENNES;HOMME;Jayden;3
2014;;35238;RENNES;HOMME;Jordan;3
2014;;35238;RENNES;HOMME;Julien;3
2014;;35238;RENNES;HOMME;Justin;3
2014;;35238;RENNES;HOMME;Kalvin;3
2014;;35238;RENNES;HOMME;Kassim;3
2014;;35238;RENNES;HOMME;Kaëlig;3
2014;;35238;RENNES;HOMME;Kévan;3
2014;;35238;RENNES;HOMME;Lohan;3
2014;;35238;RENNES;HOMME;Luca;3
2014;;35238;RENNES;HOMME;Lysandre;3
2014;;35238;RENNES;HOMME;Léni;3
2014;;35238;RENNES;HOMME;Matilin;3
2014;;35238;RENNES;HOMME;Mustafa;3
2014;;35238;RENNES;HOMME;Nathéo;3
2014;;35238;RENNES;HOMME;Neil;3
2014;;35238;RENNES;HOMME;Nelson;3
2014;;35238;RENNES;HOMME;Noham;3
2014;;35238;RENNES;HOMME;Omar;3
2014;;35238;RENNES;HOMME;Raphael;3
2014;;35238;RENNES;HOMME;Ryan;3
2014;;35238;RENNES;HOMME;Solal;3
2014;;35238;RENNES;HOMME;Soren;3
2014;;35238;RENNES;HOMME;Teddy;3
2014;;35238;RENNES;HOMME;Thibaud;3
2014;;35238;RENNES;HOMME;Thélio;3
2014;;35238;RENNES;HOMME;Tristan;3
2014;;35238;RENNES;HOMME;Téo;3
2014;;35238;RENNES;HOMME;Wassim;3
2014;;35238;RENNES;HOMME;Waël;3
2014;;35238;RENNES;HOMME;Yahya;3
2014;;35238;RENNES;HOMME;Yoann;3
2014;;35238;RENNES;HOMME;Yusuf;3
2014;;35238;RENNES;HOMME;Zadig;3
2014;;35238;RENNES;HOMME;Adel;2
2014;;35238;RENNES;HOMME;Aedan;2
2014;;35238;RENNES;HOMME;Aksel;2
2014;;35238;RENNES;HOMME;Alessandro;2
2014;;35238;RENNES;HOMME;Alistair;2
2014;;35238;RENNES;HOMME;Allan;2
2014;;35238;RENNES;HOMME;Amaury;2
2014;;35238;RENNES;HOMME;Amine;2
2014;;35238;RENNES;HOMME;Anas;2
2014;;35238;RENNES;HOMME;Andréas;2
2014;;35238;RENNES;HOMME;Angel;2
2014;;35238;RENNES;HOMME;Anis;2
2014;;35238;RENNES;HOMME;Anthime;2
2014;;35238;RENNES;HOMME;Anthony;2
2014;;35238;RENNES;HOMME;Anton;2
2014;;35238;RENNES;HOMME;Antonio;2
2014;;35238;RENNES;HOMME;Armand;2
2014;;35238;RENNES;HOMME;Ashley;2
2014;;35238;RENNES;HOMME;Aubin;2
2014;;35238;RENNES;HOMME;Aurèle;2
2014;;35238;RENNES;HOMME;Aydan;2
2014;;35238;RENNES;HOMME;Ayden;2
2014;;35238;RENNES;HOMME;Aymeric;2
2014;;35238;RENNES;HOMME;Ayoub;2
2014;;35238;RENNES;HOMME;Azamat;2
2014;;35238;RENNES;HOMME;Aïdan;2
2014;;35238;RENNES;HOMME;Aïssa;2
2014;;35238;RENNES;HOMME;Ben;2
2014;;35238;RENNES;HOMME;Berat;2
2014;;35238;RENNES;HOMME;Brieuc;2
2014;;35238;RENNES;HOMME;Bruno;2
2014;;35238;RENNES;HOMME;Chahine;2
2014;;35238;RENNES;HOMME;Constant;2
2014;;35238;RENNES;HOMME;Cyprien;2
2014;;35238;RENNES;HOMME;Dorian;2
2014;;35238;RENNES;HOMME;Elijah;2
2014;;35238;RENNES;HOMME;Elouann;2
2014;;35238;RENNES;HOMME;Elowan;2
2014;;35238;RENNES;HOMME;Emilien;2
2014;;35238;RENNES;HOMME;Emmanuel;2
2014;;35238;RENNES;HOMME;Ensar;2
2014;;35238;RENNES;HOMME;Ethann;2
2014;;35238;RENNES;HOMME;Fabien;2
2014;;35238;RENNES;HOMME;François;2
2014;;35238;RENNES;HOMME;Georges;2
2014;;35238;RENNES;HOMME;Gianni;2
2014;;35238;RENNES;HOMME;Glenn;2
2014;;35238;RENNES;HOMME;Grégoire;2
2014;;35238;RENNES;HOMME;Hector;2
2014;;35238;RENNES;HOMME;Idris;2
2014;;35238;RENNES;HOMME;Ilhan;2
2014;;35238;RENNES;HOMME;Ilyass;2
2014;;35238;RENNES;HOMME;Israfil;2
2014;;35238;RENNES;HOMME;Issa;2
2014;;35238;RENNES;HOMME;Iwen;2
2014;;35238;RENNES;HOMME;Iyed;2
2014;;35238;RENNES;HOMME;Jawad;2
2014;;35238;RENNES;HOMME;Jimmy;2
2014;;35238;RENNES;HOMME;Joachim;2
2014;;35238;RENNES;HOMME;Joan;2
2014;;35238;RENNES;HOMME;Johann;2
2014;;35238;RENNES;HOMME;Jonathan;2
2014;;35238;RENNES;HOMME;Joris;2
2014;;35238;RENNES;HOMME;Josselin;2
2014;;35238;RENNES;HOMME;Joé;2
2014;;35238;RENNES;HOMME;Jérémy;2
2014;;35238;RENNES;HOMME;Kayron;2
2014;;35238;RENNES;HOMME;Kays;2
2014;;35238;RENNES;HOMME;Kendji;2
2014;;35238;RENNES;HOMME;Kenzi;2
2014;;35238;RENNES;HOMME;Kevin;2
2014;;35238;RENNES;HOMME;Kieran;2
2014;;35238;RENNES;HOMME;Kériann;2
2014;;35238;RENNES;HOMME;Layan;2
2014;;35238;RENNES;HOMME;Leny;2
2014;;35238;RENNES;HOMME;Lenzo;2
2014;;35238;RENNES;HOMME;Lilouan;2
2014;;35238;RENNES;HOMME;Lino;2
2014;;35238;RENNES;HOMME;Loeiz;2
2014;;35238;RENNES;HOMME;Loris;2
2014;;35238;RENNES;HOMME;Loucas;2
2014;;35238;RENNES;HOMME;Louen;2
2014;;35238;RENNES;HOMME;Lounès;2
2014;;35238;RENNES;HOMME;Lubin;2
2014;;35238;RENNES;HOMME;Luc;2
2014;;35238;RENNES;HOMME;Luis;2
2014;;35238;RENNES;HOMME;Lény;2
2014;;35238;RENNES;HOMME;Léo-Paul;2
2014;;35238;RENNES;HOMME;Maden;2
2014;;35238;RENNES;HOMME;Mael;2
2014;;35238;RENNES;HOMME;Malik;2
2014;;35238;RENNES;HOMME;Malone;2
2014;;35238;RENNES;HOMME;Malonn;2
2014;;35238;RENNES;HOMME;Manuel;2
2014;;35238;RENNES;HOMME;Mao;2
2014;;35238;RENNES;HOMME;Marcel;2
2014;;35238;RENNES;HOMME;Marco;2
2014;;35238;RENNES;HOMME;Marlon;2
2014;;35238;RENNES;HOMME;Mathurin;2
2014;;35238;RENNES;HOMME;Matis;2
2014;;35238;RENNES;HOMME;Matthieu;2
2014;;35238;RENNES;HOMME;Matys;2
2014;;35238;RENNES;HOMME;Max;2
2014;;35238;RENNES;HOMME;Mayron;2
2014;;35238;RENNES;HOMME;Maëlan;2
2014;;35238;RENNES;HOMME;Melvin;2
2014;;35238;RENNES;HOMME;Melvyn;2
2014;;35238;RENNES;HOMME;Meven;2
2014;;35238;RENNES;HOMME;Miguel;2
2014;;35238;RENNES;HOMME;Mikael;2
2014;;35238;RENNES;HOMME;Milàn;2
2014;;35238;RENNES;HOMME;Minh;2
2014;;35238;RENNES;HOMME;Morgann;2
2014;;35238;RENNES;HOMME;Muhammad;2
2014;;35238;RENNES;HOMME;Nicolas;2
2014;;35238;RENNES;HOMME;Nils;2
2014;;35238;RENNES;HOMME;Noan;2
2014;;35238;RENNES;HOMME;Noha;2
2014;;35238;RENNES;HOMME;Nohlan;2
2014;;35238;RENNES;HOMME;Oden;2
2014;;35238;RENNES;HOMME;Oumar;2
2014;;35238;RENNES;HOMME;Paolo;2
2014;;35238;RENNES;HOMME;Pharell;2
2014;;35238;RENNES;HOMME;Philémon;2
2014;;35238;RENNES;HOMME;Rafael;2
2014;;35238;RENNES;HOMME;Reda;2
2014;;35238;RENNES;HOMME;Robinson;2
2014;;35238;RENNES;HOMME;Roman;2
2014;;35238;RENNES;HOMME;Romann;2
2014;;35238;RENNES;HOMME;Ronan;2
2014;;35238;RENNES;HOMME;Rémi;2
2014;;35238;RENNES;HOMME;Salim;2
2014;;35238;RENNES;HOMME;Sam;2
2014;;35238;RENNES;HOMME;Samy;2
2014;;35238;RENNES;HOMME;Saül;2
2014;;35238;RENNES;HOMME;Semih;2
2014;;35238;RENNES;HOMME;Sidney;2
2014;;35238;RENNES;HOMME;Sloan;2
2014;;35238;RENNES;HOMME;Soen;2
2014;;35238;RENNES;HOMME;Sofian;2
2014;;35238;RENNES;HOMME;Souleyman;2
2014;;35238;RENNES;HOMME;Souleymane;2
2014;;35238;RENNES;HOMME;Stann;2
2014;;35238;RENNES;HOMME;Sven;2
2014;;35238;RENNES;HOMME;Syam;2
2014;;35238;RENNES;HOMME;Tayron;2
2014;;35238;RENNES;HOMME;Thiago;2
2014;;35238;RENNES;HOMME;Tilouan;2
2014;;35238;RENNES;HOMME;Tylio;2
2014;;35238;RENNES;HOMME;Télio;2
2014;;35238;RENNES;HOMME;Ulysse;2
2014;;35238;RENNES;HOMME;Vadim;2
2014;;35238;RENNES;HOMME;Walid;2
2014;;35238;RENNES;HOMME;Warren;2
2014;;35238;RENNES;HOMME;Wilson;2
2014;;35238;RENNES;HOMME;Wissam;2
2014;;35238;RENNES;HOMME;Yadali;2
2014;;35238;RENNES;HOMME;Ylenzo;2
2014;;35238;RENNES;HOMME;Yoan;2
2014;;35238;RENNES;HOMME;Youcef;2
2014;;35238;RENNES;HOMME;Youen;2
2014;;35238;RENNES;HOMME;Youn;2
2014;;35238;RENNES;HOMME;Younès;2
2014;;35238;RENNES;HOMME;Youssef;2
2014;;35238;RENNES;HOMME;Yunus-Emre;2
2014;;35238;RENNES;HOMME;Zack;2
2014;;35238;RENNES;HOMME;Zackary;2
2014;;35238;RENNES;HOMME;Zakaria;2
2014;;35238;RENNES;HOMME;Éden;2
2014;;35238;RENNES;HOMME;Élie;2
2014;;35238;RENNES;HOMME;Aarden;1
2014;;35238;RENNES;HOMME;Abdallah;1
2014;;35238;RENNES;HOMME;Abdeeq;1
2014;;35238;RENNES;HOMME;Abdellah;1
2014;;35238;RENNES;HOMME;Abdelouahed;1
2014;;35238;RENNES;HOMME;Abdes;1
2014;;35238;RENNES;HOMME;Abdesselem;1
2014;;35238;RENNES;HOMME;Abdimajiib;1
2014;;35238;RENNES;HOMME;Abdoulaye;1
2014;;35238;RENNES;HOMME;Abdoulmalik;1
2014;;35238;RENNES;HOMME;Aboubacar;1
2014;;35238;RENNES;HOMME;Aboubakr;1
2014;;35238;RENNES;HOMME;Adrian;1
2014;;35238;RENNES;HOMME;Adriel;1
2014;;35238;RENNES;HOMME;Adélio;1
2014;;35238;RENNES;HOMME;Afdal;1
2014;;35238;RENNES;HOMME;Aidan;1
2014;;35238;RENNES;HOMME;Aiden;1
2014;;35238;RENNES;HOMME;Aimé;1
2014;;35238;RENNES;HOMME;Akif;1
2014;;35238;RENNES;HOMME;Akraman;1
2014;;35238;RENNES;HOMME;Alann;1
2014;;35238;RENNES;HOMME;Alassane-Guithé;1
2014;;35238;RENNES;HOMME;Alenzo;1
2014;;35238;RENNES;HOMME;Alex;1
2014;;35238;RENNES;HOMME;Alexy;1
2014;;35238;RENNES;HOMME;Alfred;1
2014;;35238;RENNES;HOMME;Aliosha;1
2014;;35238;RENNES;HOMME;Alohé;1
2014;;35238;RENNES;HOMME;Alonzo;1
2014;;35238;RENNES;HOMME;Alou;1
2014;;35238;RENNES;HOMME;Aloys;1
2014;;35238;RENNES;HOMME;Alvaro;1
2014;;35238;RENNES;HOMME;Amaël;1
2014;;35238;RENNES;HOMME;Amini;1
2014;;35238;RENNES;HOMME;Amjad;1
2014;;35238;RENNES;HOMME;Anael;1
2014;;35238;RENNES;HOMME;Anand;1
2014;;35238;RENNES;HOMME;Anass;1
2014;;35238;RENNES;HOMME;Anbdourahman;1
2014;;35238;RENNES;HOMME;Andreas;1
2014;;35238;RENNES;HOMME;Andrew;1
2014;;35238;RENNES;HOMME;Andy;1
2014;;35238;RENNES;HOMME;Ange;1
2014;;35238;RENNES;HOMME;Angelo;1
2014;;35238;RENNES;HOMME;Angélo;1
2014;;35238;RENNES;HOMME;Anir;1
2014;;35238;RENNES;HOMME;Ansârine;1
2014;;35238;RENNES;HOMME;Antone;1
2014;;35238;RENNES;HOMME;Antonn;1
2014;;35238;RENNES;HOMME;Aodren;1
2014;;35238;RENNES;HOMME;Armani;1
2014;;35238;RENNES;HOMME;Artur-Deniel;1
2014;;35238;RENNES;HOMME;Artus;1
2014;;35238;RENNES;HOMME;Ary;1
2014;;35238;RENNES;HOMME;Asaël;1
2014;;35238;RENNES;HOMME;Aslan;1
2014;;35238;RENNES;HOMME;Aurès;1
2014;;35238;RENNES;HOMME;Aurélien;1
2014;;35238;RENNES;HOMME;Austin;1
2014;;35238;RENNES;HOMME;Auxann;1
2014;;35238;RENNES;HOMME;Auxence;1
2014;;35238;RENNES;HOMME;Awad;1
2014;;35238;RENNES;HOMME;Aydine;1
2014;;35238;RENNES;HOMME;Aymen;1
2014;;35238;RENNES;HOMME;Aymerick;1
2014;;35238;RENNES;HOMME;Aynis;1
2014;;35238;RENNES;HOMME;Azael;1
2014;;35238;RENNES;HOMME;Azan;1
2014;;35238;RENNES;HOMME;Azdine;1
2014;;35238;RENNES;HOMME;Aël;1
2014;;35238;RENNES;HOMME;Aïden;1
2014;;35238;RENNES;HOMME;Bafodé;1
2014;;35238;RENNES;HOMME;Balthazar;1
2014;;35238;RENNES;HOMME;Barack;1
2014;;35238;RENNES;HOMME;Baran;1
2014;;35238;RENNES;HOMME;Bassirou;1
2014;;35238;RENNES;HOMME;Bastian;1
2014;;35238;RENNES;HOMME;Bathiste;1
2014;;35238;RENNES;HOMME;Baïdy;1
2014;;35238;RENNES;HOMME;Bedirhan;1
2014;;35238;RENNES;HOMME;Ben-Naoufeine;1
2014;;35238;RENNES;HOMME;Beniamin;1
2014;;35238;RENNES;HOMME;Benoît;1
2014;;35238;RENNES;HOMME;Bleiz;1
2014;;35238;RENNES;HOMME;Boris;1
2014;;35238;RENNES;HOMME;Bouwa;1
2014;;35238;RENNES;HOMME;Bradley;1
2014;;35238;RENNES;HOMME;Braford;1
2014;;35238;RENNES;HOMME;Brandon;1
2014;;35238;RENNES;HOMME;Brann;1
2014;;35238;RENNES;HOMME;Brayan;1
2014;;35238;RENNES;HOMME;Brayann;1
2014;;35238;RENNES;HOMME;Brayanne;1
2014;;35238;RENNES;HOMME;Brett;1
2014;;35238;RENNES;HOMME;Briag;1
2014;;35238;RENNES;HOMME;Brieu;1
2014;;35238;RENNES;HOMME;Bréwal;1
2014;;35238;RENNES;HOMME;Burak;1
2014;;35238;RENNES;HOMME;Bénoïc;1
2014;;35238;RENNES;HOMME;Camill;1
2014;;35238;RENNES;HOMME;Capucin;1
2014;;35238;RENNES;HOMME;Carlos;1
2014;;35238;RENNES;HOMME;Carmelo-Michiya;1
2014;;35238;RENNES;HOMME;Casey;1
2014;;35238;RENNES;HOMME;Chamar;1
2014;;35238;RENNES;HOMME;Chandan;1
2014;;35238;RENNES;HOMME;Charlélie;1
2014;;35238;RENNES;HOMME;Cheick;1
2014;;35238;RENNES;HOMME;Cheikh;1
2014;;35238;RENNES;HOMME;Cheikh-Tidiane;1
2014;;35238;RENNES;HOMME;Chem's;1
2014;;35238;RENNES;HOMME;Chris-Tewis;1
2014;;35238;RENNES;HOMME;Clarence;1
2014;;35238;RENNES;HOMME;Clovis;1
2014;;35238;RENNES;HOMME;Cléophas;1
2014;;35238;RENNES;HOMME;Colas;1
2014;;35238;RENNES;HOMME;Conan;1
2014;;35238;RENNES;HOMME;Costa;1
2014;;35238;RENNES;HOMME;Cristôbal;1
2014;;35238;RENNES;HOMME;Cy;1
2014;;35238;RENNES;HOMME;Cyrian;1
2014;;35238;RENNES;HOMME;Cyriaque;1
2014;;35238;RENNES;HOMME;Cyrus;1
2014;;35238;RENNES;HOMME;Célien;1
2014;;35238;RENNES;HOMME;César;1
2014;;35238;RENNES;HOMME;Daegan;1
2014;;35238;RENNES;HOMME;Dasson;1
2014;;35238;RENNES;HOMME;Davy;1
2014;;35238;RENNES;HOMME;Denez;1
2014;;35238;RENNES;HOMME;Derhen;1
2014;;35238;RENNES;HOMME;Dilan;1
2014;;35238;RENNES;HOMME;Dimitri;1
2014;;35238;RENNES;HOMME;Diwan;1
2014;;35238;RENNES;HOMME;Dixon;1
2014;;35238;RENNES;HOMME;Djalim;1
2014;;35238;RENNES;HOMME;Djamaldine;1
2014;;35238;RENNES;HOMME;Djawad;1
2014;;35238;RENNES;HOMME;Djaël;1
2014;;35238;RENNES;HOMME;Djessy;1
2014;;35238;RENNES;HOMME;Djoud;1
2014;;35238;RENNES;HOMME;Donel;1
2014;;35238;RENNES;HOMME;Drizan-Jorel;1
2014;;35238;RENNES;HOMME;Drys;1
2014;;35238;RENNES;HOMME;Edan;1
2014;;35238;RENNES;HOMME;Eddy;1
2014;;35238;RENNES;HOMME;Edin;1
2014;;35238;RENNES;HOMME;Edon;1
2014;;35238;RENNES;HOMME;Edouard;1
2014;;35238;RENNES;HOMME;Eduard;1
2014;;35238;RENNES;HOMME;Eduardo;1
2014;;35238;RENNES;HOMME;Edwin;1
2014;;35238;RENNES;HOMME;Efflam;1
2014;;35238;RENNES;HOMME;El;1
2014;;35238;RENNES;HOMME;El-Alan;1
2014;;35238;RENNES;HOMME;Elian;1
2014;;35238;RENNES;HOMME;Elios;1
2014;;35238;RENNES;HOMME;Elioth;1
2014;;35238;RENNES;HOMME;Elkana;1
2014;;35238;RENNES;HOMME;Elliott;1
2014;;35238;RENNES;HOMME;Elmir;1
2014;;35238;RENNES;HOMME;Eloan;1
2014;;35238;RENNES;HOMME;Elohïm;1
2014;;35238;RENNES;HOMME;Elone;1
2014;;35238;RENNES;HOMME;Eloïs;1
2014;;35238;RENNES;HOMME;Elwam;1
2014;;35238;RENNES;HOMME;Ely;1
2014;;35238;RENNES;HOMME;Elyad;1
2014;;35238;RENNES;HOMME;Elyo;1
2014;;35238;RENNES;HOMME;Elyot;1
2014;;35238;RENNES;HOMME;Elzéard;1
2014;;35238;RENNES;HOMME;Eléo;1
2014;;35238;RENNES;HOMME;Emeric;1
2014;;35238;RENNES;HOMME;Emirhan;1
2014;;35238;RENNES;HOMME;Emmanuely;1
2014;;35238;RENNES;HOMME;Emmet;1
2014;;35238;RENNES;HOMME;Emmett;1
2014;;35238;RENNES;HOMME;Emre;1
2014;;35238;RENNES;HOMME;Emrys;1
2014;;35238;RENNES;HOMME;Enan;1
2014;;35238;RENNES;HOMME;Enes;1
2014;;35238;RENNES;HOMME;Enguerrand;1
2014;;35238;RENNES;HOMME;Enkh-Amar;1
2014;;35238;RENNES;HOMME;Ennio;1
2014;;35238;RENNES;HOMME;Envael;1
2014;;35238;RENNES;HOMME;Envel;1
2014;;35238;RENNES;HOMME;Eole;1
2014;;35238;RENNES;HOMME;Epaïnet;1
2014;;35238;RENNES;HOMME;Ephraïm;1
2014;;35238;RENNES;HOMME;Erdal;1
2014;;35238;RENNES;HOMME;Erez;1
2014;;35238;RENNES;HOMME;Eric;1
2014;;35238;RENNES;HOMME;Erik;1
2014;;35238;RENNES;HOMME;Erminio;1
2014;;35238;RENNES;HOMME;Erwann;1
2014;;35238;RENNES;HOMME;Erwin;1
2014;;35238;RENNES;HOMME;Estévan;1
2014;;35238;RENNES;HOMME;Etivan;1
2014;;35238;RENNES;HOMME;Ezio;1
2014;;35238;RENNES;HOMME;Ezzio;1
2014;;35238;RENNES;HOMME;Ezéquiel;1
2014;;35238;RENNES;HOMME;Ezéquièl;1
2014;;35238;RENNES;HOMME;Fabio;1
2014;;35238;RENNES;HOMME;Fadi;1
2014;;35238;RENNES;HOMME;Fael;1
2014;;35238;RENNES;HOMME;Fahim-Imrane;1
2014;;35238;RENNES;HOMME;Fakiridine;1
2014;;35238;RENNES;HOMME;Fanch;1
2014;;35238;RENNES;HOMME;Faouzi;1
2014;;35238;RENNES;HOMME;Farel;1
2014;;35238;RENNES;HOMME;Faris;1
2014;;35238;RENNES;HOMME;Farès;1
2014;;35238;RENNES;HOMME;Fawzi;1
2014;;35238;RENNES;HOMME;Fayel;1
2014;;35238;RENNES;HOMME;Fayouness;1
2014;;35238;RENNES;HOMME;Feliz;1
2014;;35238;RENNES;HOMME;Finn;1
2014;;35238;RENNES;HOMME;Firmin;1
2014;;35238;RENNES;HOMME;Flavel;1
2014;;35238;RENNES;HOMME;Flavian;1
2014;;35238;RENNES;HOMME;Fossi;1
2014;;35238;RENNES;HOMME;Fouad;1
2014;;35238;RENNES;HOMME;Furkan;1
2014;;35238;RENNES;HOMME;Félicien;1
2014;;35238;RENNES;HOMME;Fémi;1
2014;;35238;RENNES;HOMME;Gael;1
2014;;35238;RENNES;HOMME;Galaad;1
2014;;35238;RENNES;HOMME;Gasper;1
2014;;35238;RENNES;HOMME;Gatien;1
2014;;35238;RENNES;HOMME;Gawain;1
2014;;35238;RENNES;HOMME;Gawen;1
2014;;35238;RENNES;HOMME;Gaétan;1
2014;;35238;RENNES;HOMME;Gaëtan;1
2014;;35238;RENNES;HOMME;Germain;1
2014;;35238;RENNES;HOMME;Gervais;1
2014;;35238;RENNES;HOMME;Gilles;1
2014;;35238;RENNES;HOMME;Gino;1
2014;;35238;RENNES;HOMME;Glenmor;1
2014;;35238;RENNES;HOMME;Gonshen-Joseph;1
2014;;35238;RENNES;HOMME;Gonçalo;1
2014;;35238;RENNES;HOMME;Guilhem;1
2014;;35238;RENNES;HOMME;Gwenegan;1
2014;;35238;RENNES;HOMME;Gwenole;1
2014;;35238;RENNES;HOMME;Gwenvan;1
2014;;35238;RENNES;HOMME;Gwénégan;1
2014;;35238;RENNES;HOMME;Haaron;1
2014;;35238;RENNES;HOMME;Hakan;1
2014;;35238;RENNES;HOMME;Hakmal;1
2014;;35238;RENNES;HOMME;Hamit;1
2014;;35238;RENNES;HOMME;Hanif;1
2014;;35238;RENNES;HOMME;Hanzo;1
2014;;35238;RENNES;HOMME;Haris;1
2014;;35238;RENNES;HOMME;Harun;1
2014;;35238;RENNES;HOMME;Hashim;1
2014;;35238;RENNES;HOMME;Hatim;1
2014;;35238;RENNES;HOMME;Helias;1
2014;;35238;RENNES;HOMME;Henock;1
2014;;35238;RENNES;HOMME;Heol;1
2014;;35238;RENNES;HOMME;Hichame;1
2014;;35238;RENNES;HOMME;Hisham;1
2014;;35238;RENNES;HOMME;Holy;1
2014;;35238;RENNES;HOMME;Houcine;1
2014;;35238;RENNES;HOMME;Houdayfa;1
2014;;35238;RENNES;HOMME;Housni;1
2014;;35238;RENNES;HOMME;Hoël;1
2014;;35238;RENNES;HOMME;Husein;1
2014;;35238;RENNES;HOMME;Hâkim;1
2014;;35238;RENNES;HOMME;Hédwan;1
2014;;35238;RENNES;HOMME;Hélie;1
2014;;35238;RENNES;HOMME;Hélori;1
2014;;35238;RENNES;HOMME;Ian;1
2014;;35238;RENNES;HOMME;Ibrahima;1
2014;;35238;RENNES;HOMME;Idder;1
2014;;35238;RENNES;HOMME;Idir;1
2014;;35238;RENNES;HOMME;Idriss;1
2014;;35238;RENNES;HOMME;Idy;1
2014;;35238;RENNES;HOMME;Ikbal;1
2014;;35238;RENNES;HOMME;Ilann;1
2014;;35238;RENNES;HOMME;Ilkan;1
2014;;35238;RENNES;HOMME;Ilwen;1
2014;;35238;RENNES;HOMME;Ilyan;1
2014;;35238;RENNES;HOMME;Ilyess;1
2014;;35238;RENNES;HOMME;Imad;1
2014;;35238;RENNES;HOMME;Imanol;1
2014;;35238;RENNES;HOMME;Imran;1
2014;;35238;RENNES;HOMME;Ioan;1
2014;;35238;RENNES;HOMME;Ioen;1
2014;;35238;RENNES;HOMME;Iqbal;1
2014;;35238;RENNES;HOMME;Isaya;1
2014;;35238;RENNES;HOMME;Isaï;1
2014;;35238;RENNES;HOMME;Isaïah;1
2014;;35238;RENNES;HOMME;Isaïe;1
2014;;35238;RENNES;HOMME;Ishayne;1
2014;;35238;RENNES;HOMME;Isidoor;1
2014;;35238;RENNES;HOMME;Isma;1
2014;;35238;RENNES;HOMME;Ismael;1
2014;;35238;RENNES;HOMME;Ismail;1
2014;;35238;RENNES;HOMME;Ismaïl;1
2014;;35238;RENNES;HOMME;Iwan;1
2014;;35238;RENNES;HOMME;Iyad;1
2014;;35238;RENNES;HOMME;Jaber;1
2014;;35238;RENNES;HOMME;Jacob;1
2014;;35238;RENNES;HOMME;Jad;1
2014;;35238;RENNES;HOMME;Jaden;1
2014;;35238;RENNES;HOMME;Jahdenn-Cham;1
2014;;35238;RENNES;HOMME;Jahyan;1
2014;;35238;RENNES;HOMME;Jahyon;1
2014;;35238;RENNES;HOMME;Jalil;1
2014;;35238;RENNES;HOMME;Jamal;1
2014;;35238;RENNES;HOMME;Jamey;1
2014;;35238;RENNES;HOMME;Jan;1
2014;;35238;RENNES;HOMME;Jaouen;1
2014;;35238;RENNES;HOMME;Japhé;1
2014;;35238;RENNES;HOMME;Jawed;1
2014;;35238;RENNES;HOMME;Jaylon;1
2014;;35238;RENNES;HOMME;Jean-Baptiste;1
2014;;35238;RENNES;HOMME;Jean-Paul;1
2014;;35238;RENNES;HOMME;Jessy;1
2014;;35238;RENNES;HOMME;Jiyan;1
2014;;35238;RENNES;HOMME;Joao;1
2014;;35238;RENNES;HOMME;Joaquim;1
2014;;35238;RENNES;HOMME;Jocelyn;1
2014;;35238;RENNES;HOMME;Joey;1
2014;;35238;RENNES;HOMME;Jolan;1
2014;;35238;RENNES;HOMME;Jonah;1
2014;;35238;RENNES;HOMME;Jorès;1
2014;;35238;RENNES;HOMME;Josué;1
2014;;35238;RENNES;HOMME;Joévyn;1
2014;;35238;RENNES;HOMME;Juliann;1
2014;;35238;RENNES;HOMME;Julio;1
2014;;35238;RENNES;HOMME;Julius;1
2014;;35238;RENNES;HOMME;Jéd;1
2014;;35238;RENNES;HOMME;Jérémie;1
2014;;35238;RENNES;HOMME;Jérôme;1
2014;;35238;RENNES;HOMME;Kaan;1
2014;;35238;RENNES;HOMME;Kahil;1
2014;;35238;RENNES;HOMME;Kaiss;1
2014;;35238;RENNES;HOMME;Kamel;1
2014;;35238;RENNES;HOMME;Karamba;1
2014;;35238;RENNES;HOMME;Karim;1
2014;;35238;RENNES;HOMME;Kaylig;1
2014;;35238;RENNES;HOMME;Kaïs-Oumar;1
2014;;35238;RENNES;HOMME;Kaïss;1
2014;;35238;RENNES;HOMME;Kaïssi;1
2014;;35238;RENNES;HOMME;Kei;1
2014;;35238;RENNES;HOMME;Kelen;1
2014;;35238;RENNES;HOMME;Kelens;1
2014;;35238;RENNES;HOMME;Kelian;1
2014;;35238;RENNES;HOMME;Kellane;1
2014;;35238;RENNES;HOMME;Kellian;1
2014;;35238;RENNES;HOMME;Kelson;1
2014;;35238;RENNES;HOMME;Kelvin;1
2014;;35238;RENNES;HOMME;Kelyan;1
2014;;35238;RENNES;HOMME;Kemi;1
2014;;35238;RENNES;HOMME;Kenzho;1
2014;;35238;RENNES;HOMME;Keran;1
2014;;35238;RENNES;HOMME;Kerem;1
2014;;35238;RENNES;HOMME;Kerryan;1
2014;;35238;RENNES;HOMME;Kevin-Evan;1
2014;;35238;RENNES;HOMME;Kewan;1
2014;;35238;RENNES;HOMME;Keyan;1
2014;;35238;RENNES;HOMME;Keynane;1
2014;;35238;RENNES;HOMME;Keyrann;1
2014;;35238;RENNES;HOMME;Keyron;1
2014;;35238;RENNES;HOMME;Keyson;1
2014;;35238;RENNES;HOMME;Keziah;1
2014;;35238;RENNES;HOMME;Kheiron;1
2014;;35238;RENNES;HOMME;Khim;1
2014;;35238;RENNES;HOMME;Killian;1
2014;;35238;RENNES;HOMME;Kilyan;1
2014;;35238;RENNES;HOMME;Kireg;1
2014;;35238;RENNES;HOMME;Kito;1
2014;;35238;RENNES;HOMME;Kleidson;1
2014;;35238;RENNES;HOMME;Kléden;1
2014;;35238;RENNES;HOMME;Klévys;1
2014;;35238;RENNES;HOMME;Ksawery;1
2014;;35238;RENNES;HOMME;Ky-Mani;1
2014;;35238;RENNES;HOMME;Kyliann;1
2014;;35238;RENNES;HOMME;Kyron;1
2014;;35238;RENNES;HOMME;Käyden;1
2014;;35238;RENNES;HOMME;Kélio;1
2014;;35238;RENNES;HOMME;Kéloann;1
2014;;35238;RENNES;HOMME;Kénaël;1
2014;;35238;RENNES;HOMME;Kéo;1
2014;;35238;RENNES;HOMME;Kéony;1
2014;;35238;RENNES;HOMME;Kérim;1
2014;;35238;RENNES;HOMME;Kéryann;1
2014;;35238;RENNES;HOMME;Kéziah;1
2014;;35238;RENNES;HOMME;Lafcadio;1
2014;;35238;RENNES;HOMME;Lahoucine;1
2014;;35238;RENNES;HOMME;Lambert;1
2014;;35238;RENNES;HOMME;Layton;1
2014;;35238;RENNES;HOMME;Leandro;1
2014;;35238;RENNES;HOMME;Lehny;1
2014;;35238;RENNES;HOMME;Leto;1
2014;;35238;RENNES;HOMME;Leuane;1
2014;;35238;RENNES;HOMME;Lewen;1
2014;;35238;RENNES;HOMME;Lewis;1
2014;;35238;RENNES;HOMME;Li-An;1
2014;;35238;RENNES;HOMME;Liam-Arthur;1
2014;;35238;RENNES;HOMME;Liham;1
2014;;35238;RENNES;HOMME;Lihwan;1
2014;;35238;RENNES;HOMME;Liiam;1
2014;;35238;RENNES;HOMME;Lionnaire;1
2014;;35238;RENNES;HOMME;Lisandro;1
2014;;35238;RENNES;HOMME;Liwan;1
2014;;35238;RENNES;HOMME;Lizio;1
2014;;35238;RENNES;HOMME;Loann;1
2014;;35238;RENNES;HOMME;Loebhan;1
2014;;35238;RENNES;HOMME;Lohann;1
2014;;35238;RENNES;HOMME;Lohenzo;1
2014;;35238;RENNES;HOMME;Lomig;1
2014;;35238;RENNES;HOMME;Lony;1
2014;;35238;RENNES;HOMME;Lorys;1
2014;;35238;RENNES;HOMME;Lou-Evan;1
2014;;35238;RENNES;HOMME;Louam;1
2014;;35238;RENNES;HOMME;Louan;1
2014;;35238;RENNES;HOMME;Louca;1
2014;;35238;RENNES;HOMME;Louenn;1
2014;;35238;RENNES;HOMME;Louhan;1
2014;;35238;RENNES;HOMME;Loui;1
2014;;35238;RENNES;HOMME;Louis-Malo;1
2014;;35238;RENNES;HOMME;Loukas;1
2014;;35238;RENNES;HOMME;Lounis;1
2014;;35238;RENNES;HOMME;Lowen;1
2014;;35238;RENNES;HOMME;Loyd;1
2014;;35238;RENNES;HOMME;Loévann;1
2014;;35238;RENNES;HOMME;Loïck;1
2014;;35238;RENNES;HOMME;Loïdick;1
2014;;35238;RENNES;HOMME;Loÿs;1
2014;;35238;RENNES;HOMME;Luc-Noah;1
2014;;35238;RENNES;HOMME;Lucien-Sory;1
2014;;35238;RENNES;HOMME;Lukas;1
2014;;35238;RENNES;HOMME;Luys;1
2014;;35238;RENNES;HOMME;Lyham;1
2014;;35238;RENNES;HOMME;Lyméo;1
2014;;35238;RENNES;HOMME;Lyvann;1
2014;;35238;RENNES;HOMME;Lyès;1
2014;;35238;RENNES;HOMME;Lélio;1
2014;;35238;RENNES;HOMME;Léno;1
2014;;35238;RENNES;HOMME;Léo-Pard;1
2014;;35238;RENNES;HOMME;Léovan;1
2014;;35238;RENNES;HOMME;Lévi;1
2014;;35238;RENNES;HOMME;Lükas;1
2014;;35238;RENNES;HOMME;Madec;1
2014;;35238;RENNES;HOMME;Madiba;1
2014;;35238;RENNES;HOMME;Magomed;1
2014;;35238;RENNES;HOMME;Mahamad-Kamil;1
2014;;35238;RENNES;HOMME;Maher;1
2014;;35238;RENNES;HOMME;Makhno;1
2014;;35238;RENNES;HOMME;Malaky;1
2014;;35238;RENNES;HOMME;Malamine;1
2014;;35238;RENNES;HOMME;Malcolm;1
2014;;35238;RENNES;HOMME;Malick;1
2014;;35238;RENNES;HOMME;Maloann;1
2014;;35238;RENNES;HOMME;Malown;1
2014;;35238;RENNES;HOMME;Malyk;1
2014;;35238;RENNES;HOMME;Manaiti;1
2014;;35238;RENNES;HOMME;Manassé;1
2014;;35238;RENNES;HOMME;Manaë-Simba;1
2014;;35238;RENNES;HOMME;Manny;1
2014;;35238;RENNES;HOMME;Manoa;1
2014;;35238;RENNES;HOMME;Manoë;1
2014;;35238;RENNES;HOMME;Marc;1
2014;;35238;RENNES;HOMME;Marcello;1
2014;;35238;RENNES;HOMME;Marcus;1
2014;;35238;RENNES;HOMME;Mario;1
2014;;35238;RENNES;HOMME;Markus;1
2014;;35238;RENNES;HOMME;Marley;1
2014;;35238;RENNES;HOMME;Martin-Daniel;1
2014;;35238;RENNES;HOMME;Marwan;1
2014;;35238;RENNES;HOMME;Marwen;1
2014;;35238;RENNES;HOMME;Mateo;1
2014;;35238;RENNES;HOMME;Matheo;1
2014;;35238;RENNES;HOMME;Matt-Chris;1
2014;;35238;RENNES;HOMME;Matthias;1
2014;;35238;RENNES;HOMME;Matyas;1
2014;;35238;RENNES;HOMME;Maugan;1
2014;;35238;RENNES;HOMME;Mavi;1
2014;;35238;RENNES;HOMME;Mayeul;1
2014;;35238;RENNES;HOMME;Maylan;1
2014;;35238;RENNES;HOMME;Mazen;1
2014;;35238;RENNES;HOMME;Maélo;1
2014;;35238;RENNES;HOMME;Maëg;1
2014;;35238;RENNES;HOMME;Mehmet;1
2014;;35238;RENNES;HOMME;Mel;1
2014;;35238;RENNES;HOMME;Melaine;1
2014;;35238;RENNES;HOMME;Melville;1
2014;;35238;RENNES;HOMME;Melwan;1
2014;;35238;RENNES;HOMME;Mendo;1
2014;;35238;RENNES;HOMME;Menzo;1
2014;;35238;RENNES;HOMME;Meriadeg;1
2014;;35238;RENNES;HOMME;Mewenn;1
2014;;35238;RENNES;HOMME;Mickael;1
2014;;35238;RENNES;HOMME;Mickaël;1
2014;;35238;RENNES;HOMME;Mickaïl;1
2014;;35238;RENNES;HOMME;Millian;1
2014;;35238;RENNES;HOMME;Miloé;1
2014;;35238;RENNES;HOMME;Mirac;1
2014;;35238;RENNES;HOMME;Miran;1
2014;;35238;RENNES;HOMME;Miran-Dêlav;1
2014;;35238;RENNES;HOMME;Mitatcan;1
2014;;35238;RENNES;HOMME;Moana;1
2014;;35238;RENNES;HOMME;Mohamed-Saïd;1
2014;;35238;RENNES;HOMME;Mohamed-Younes;1
2014;;35238;RENNES;HOMME;Mohammed;1
2014;;35238;RENNES;HOMME;Mohammed-Ali;1
2014;;35238;RENNES;HOMME;Mohammed-Lamine;1
2014;;35238;RENNES;HOMME;Mohammed-Taha;1
2014;;35238;RENNES;HOMME;Monroe;1
2014;;35238;RENNES;HOMME;Morgat;1
2014;;35238;RENNES;HOMME;Mouadh;1
2014;;35238;RENNES;HOMME;Mouhamad;1
2014;;35238;RENNES;HOMME;Mouhamad-Amine;1
2014;;35238;RENNES;HOMME;Mouhammad;1
2014;;35238;RENNES;HOMME;Moulay-Samih;1
2014;;35238;RENNES;HOMME;Mounir;1
2014;;35238;RENNES;HOMME;Mourad;1
2014;;35238;RENNES;HOMME;Muhammed;1
2014;;35238;RENNES;HOMME;Muhammed-Hazar;1
2014;;35238;RENNES;HOMME;Muhammet;1
2014;;35238;RENNES;HOMME;Murat;1
2014;;35238;RENNES;HOMME;Mustapha;1
2014;;35238;RENNES;HOMME;Mylan;1
2014;;35238;RENNES;HOMME;Mylann;1
2014;;35238;RENNES;HOMME;Mylovann;1
2014;;35238;RENNES;HOMME;Médi;1
2014;;35238;RENNES;HOMME;Méril;1
2014;;35238;RENNES;HOMME;Méty;1
2014;;35238;RENNES;HOMME;Méwen;1
2014;;35238;RENNES;HOMME;N'Khany;1
2014;;35238;RENNES;HOMME;Naahil;1
2014;;35238;RENNES;HOMME;Nabil;1
2014;;35238;RENNES;HOMME;Nael;1
2014;;35238;RENNES;HOMME;Nahar;1
2014;;35238;RENNES;HOMME;Nahel;1
2014;;35238;RENNES;HOMME;Nahyl;1
2014;;35238;RENNES;HOMME;Naimar;1
2014;;35238;RENNES;HOMME;Nallé;1
2014;;35238;RENNES;HOMME;Nassim;1
2014;;35238;RENNES;HOMME;Nassym;1
2014;;35238;RENNES;HOMME;Natalio;1
2014;;35238;RENNES;HOMME;Nataël;1
2014;;35238;RENNES;HOMME;Nathael;1
2014;;35238;RENNES;HOMME;Nathanael;1
2014;;35238;RENNES;HOMME;Nathaniel;1
2014;;35238;RENNES;HOMME;Natis;1
2014;;35238;RENNES;HOMME;Nazedy;1
2014;;35238;RENNES;HOMME;Naé;1
2014;;35238;RENNES;HOMME;Nereo;1
2014;;35238;RENNES;HOMME;Nermin;1
2014;;35238;RENNES;HOMME;Newston;1
2014;;35238;RENNES;HOMME;Nidal;1
2014;;35238;RENNES;HOMME;Nikola;1
2014;;35238;RENNES;HOMME;Nikolozi;1
2014;;35238;RENNES;HOMME;Nil;1
2014;;35238;RENNES;HOMME;Noann;1
2014;;35238;RENNES;HOMME;Nohan;1
2014;;35238;RENNES;HOMME;Nohann;1
2014;;35238;RENNES;HOMME;Nolane;1
2014;;35238;RENNES;HOMME;Nominoé;1
2014;;35238;RENNES;HOMME;Nonman;1
2014;;35238;RENNES;HOMME;Novack;1
2014;;35238;RENNES;HOMME;Nowen;1
2014;;35238;RENNES;HOMME;Noë;1
2014;;35238;RENNES;HOMME;Néot;1
2014;;35238;RENNES;HOMME;Octave;1
2014;;35238;RENNES;HOMME;Odilon;1
2014;;35238;RENNES;HOMME;Oliver;1
2014;;35238;RENNES;HOMME;Olivier;1
2014;;35238;RENNES;HOMME;Oliwier;1
2014;;35238;RENNES;HOMME;Orlenzo;1
2014;;35238;RENNES;HOMME;Osmane;1
2014;;35238;RENNES;HOMME;Othman;1
2014;;35238;RENNES;HOMME;Othmane;1
2014;;35238;RENNES;HOMME;Othniel;1
2014;;35238;RENNES;HOMME;Otso;1
2014;;35238;RENNES;HOMME;Ousman;1
2014;;35238;RENNES;HOMME;Ousmane;1
2014;;35238;RENNES;HOMME;Ouwayss;1
2014;;35238;RENNES;HOMME;Ouweiss;1
2014;;35238;RENNES;HOMME;Ovidiu;1
2014;;35238;RENNES;HOMME;Owenn;1
2014;;35238;RENNES;HOMME;Ozan;1
2014;;35238;RENNES;HOMME;Paol;1
2014;;35238;RENNES;HOMME;Patryk;1
2014;;35238;RENNES;HOMME;Paul-Andréa;1
2014;;35238;RENNES;HOMME;Paul-Augustin;1
2014;;35238;RENNES;HOMME;Paul-Eloi;1
2014;;35238;RENNES;HOMME;Paul-Ethann;1
2014;;35238;RENNES;HOMME;Pavel;1
2014;;35238;RENNES;HOMME;Peyo;1
2014;;35238;RENNES;HOMME;Pharrell;1
2014;;35238;RENNES;HOMME;Pivane;1
2014;;35238;RENNES;HOMME;Preston;1
2014;;35238;RENNES;HOMME;Priam;1
2014;;35238;RENNES;HOMME;Radouane;1
2014;;35238;RENNES;HOMME;Raffaele;1
2014;;35238;RENNES;HOMME;Raheem;1
2014;;35238;RENNES;HOMME;Rames;1
2014;;35238;RENNES;HOMME;Randy;1
2014;;35238;RENNES;HOMME;Raphael-Aiman;1
2014;;35238;RENNES;HOMME;Rayan-Mouhamed;1
2014;;35238;RENNES;HOMME;Rayhan;1
2014;;35238;RENNES;HOMME;Raylan;1
2014;;35238;RENNES;HOMME;Rayyan;1
2014;;35238;RENNES;HOMME;Raïley;1
2014;;35238;RENNES;HOMME;Riley;1
2014;;35238;RENNES;HOMME;Risty;1
2014;;35238;RENNES;HOMME;Riwann;1
2014;;35238;RENNES;HOMME;Riwen;1
2014;;35238;RENNES;HOMME;Roch;1
2014;;35238;RENNES;HOMME;Romaric;1
2014;;35238;RENNES;HOMME;Ronny;1
2014;;35238;RENNES;HOMME;Rowtag;1
2014;;35238;RENNES;HOMME;Rudolfo;1
2014;;35238;RENNES;HOMME;Ryad;1
2014;;35238;RENNES;HOMME;Ryley;1
2014;;35238;RENNES;HOMME;Safouane;1
2014;;35238;RENNES;HOMME;Safwan;1
2014;;35238;RENNES;HOMME;Salih;1
2014;;35238;RENNES;HOMME;Saliou;1
2014;;35238;RENNES;HOMME;Salvador;1
2014;;35238;RENNES;HOMME;Sami-Yusuf;1
2014;;35238;RENNES;HOMME;Samine;1
2014;;35238;RENNES;HOMME;Samson;1
2014;;35238;RENNES;HOMME;Sandro;1
2014;;35238;RENNES;HOMME;Sanjana;1
2014;;35238;RENNES;HOMME;Sayam;1
2014;;35238;RENNES;HOMME;Sayann;1
2014;;35238;RENNES;HOMME;Sayem;1
2014;;35238;RENNES;HOMME;Scott;1
2014;;35238;RENNES;HOMME;Sean;1
2014;;35238;RENNES;HOMME;Seckou;1
2014;;35238;RENNES;HOMME;Sehvan;1
2014;;35238;RENNES;HOMME;Sekou-Oumar;1
2014;;35238;RENNES;HOMME;Semuel;1
2014;;35238;RENNES;HOMME;Senzo;1
2014;;35238;RENNES;HOMME;Serif;1
2014;;35238;RENNES;HOMME;Seydina;1
2014;;35238;RENNES;HOMME;Seyfdîne;1
2014;;35238;RENNES;HOMME;Shaheer;1
2014;;35238;RENNES;HOMME;Sharif;1
2014;;35238;RENNES;HOMME;Shaune;1
2014;;35238;RENNES;HOMME;Shems;1
2014;;35238;RENNES;HOMME;Shiva;1
2014;;35238;RENNES;HOMME;Shunnyo;1
2014;;35238;RENNES;HOMME;Siméo;1
2014;;35238;RENNES;HOMME;Siradj;1
2014;;35238;RENNES;HOMME;Sirius;1
2014;;35238;RENNES;HOMME;Sixte;1
2014;;35238;RENNES;HOMME;Soa;1
2014;;35238;RENNES;HOMME;Soann;1
2014;;35238;RENNES;HOMME;Sofien;1
2014;;35238;RENNES;HOMME;Sohel;1
2014;;35238;RENNES;HOMME;Sokhem;1
2014;;35238;RENNES;HOMME;Solan;1
2014;;35238;RENNES;HOMME;Solann;1
2014;;35238;RENNES;HOMME;Solhann;1
2014;;35238;RENNES;HOMME;Sosefo;1
2014;;35238;RENNES;HOMME;Sosthène;1
2014;;35238;RENNES;HOMME;Souaréba;1
2014;;35238;RENNES;HOMME;Soudaiss;1
2014;;35238;RENNES;HOMME;Soulayman;1
2014;;35238;RENNES;HOMME;Soën;1
2014;;35238;RENNES;HOMME;Stan;1
2014;;35238;RENNES;HOMME;Stanislas;1
2014;;35238;RENNES;HOMME;Stanley;1
2014;;35238;RENNES;HOMME;Stefanson;1
2014;;35238;RENNES;HOMME;Suleyman;1
2014;;35238;RENNES;HOMME;Sullivan;1
2014;;35238;RENNES;HOMME;Sullyvan;1
2014;;35238;RENNES;HOMME;Suléman;1
2014;;35238;RENNES;HOMME;Sylas;1
2014;;35238;RENNES;HOMME;Sény;1
2014;;35238;RENNES;HOMME;Taho;1
2014;;35238;RENNES;HOMME;Taj;1
2014;;35238;RENNES;HOMME;Talik;1
2014;;35238;RENNES;HOMME;Tamim;1
2014;;35238;RENNES;HOMME;Tamîm;1
2014;;35238;RENNES;HOMME;Tao;1
2014;;35238;RENNES;HOMME;Tarek;1
2014;;35238;RENNES;HOMME;Tariq;1
2014;;35238;RENNES;HOMME;Taïs;1
2014;;35238;RENNES;HOMME;Teedjy;1
2014;;35238;RENNES;HOMME;Telmen;1
2014;;35238;RENNES;HOMME;Temur;1
2014;;35238;RENNES;HOMME;Temuulen;1
2014;;35238;RENNES;HOMME;Tereyl;1
2014;;35238;RENNES;HOMME;Thaëryss;1
2014;;35238;RENNES;HOMME;Thaïrys;1
2014;;35238;RENNES;HOMME;Theo;1
2014;;35238;RENNES;HOMME;Theïs;1
2014;;35238;RENNES;HOMME;Thibaut;1
2014;;35238;RENNES;HOMME;Thimoté;1
2014;;35238;RENNES;HOMME;Thyméo;1
2014;;35238;RENNES;HOMME;Théodor;1
2014;;35238;RENNES;HOMME;Théodore;1
2014;;35238;RENNES;HOMME;Théophile;1
2014;;35238;RENNES;HOMME;Théotime;1
2014;;35238;RENNES;HOMME;Tibo;1
2014;;35238;RENNES;HOMME;Tidiane;1
2014;;35238;RENNES;HOMME;Timo;1
2014;;35238;RENNES;HOMME;Timélio;1
2014;;35238;RENNES;HOMME;Timëo;1
2014;;35238;RENNES;HOMME;Tino;1
2014;;35238;RENNES;HOMME;Tiyo;1
2014;;35238;RENNES;HOMME;Tobias;1
2014;;35238;RENNES;HOMME;Toma;1
2014;;35238;RENNES;HOMME;Tony;1
2014;;35238;RENNES;HOMME;Toprak;1
2014;;35238;RENNES;HOMME;Tudwal;1
2014;;35238;RENNES;HOMME;Tyago;1
2014;;35238;RENNES;HOMME;Tyam;1
2014;;35238;RENNES;HOMME;Tyam-Edoir;1
2014;;35238;RENNES;HOMME;Tyan;1
2014;;35238;RENNES;HOMME;Tybault;1
2014;;35238;RENNES;HOMME;Tyler;1
2014;;35238;RENNES;HOMME;Tylouen;1
2014;;35238;RENNES;HOMME;Tylwenn;1
2014;;35238;RENNES;HOMME;Tynaël;1
2014;;35238;RENNES;HOMME;Tyno;1
2014;;35238;RENNES;HOMME;Tytoan;1
2014;;35238;RENNES;HOMME;Tèylor;1
2014;;35238;RENNES;HOMME;Téhis;1
2014;;35238;RENNES;HOMME;Umut;1
2014;;35238;RENNES;HOMME;Uriel;1
2014;;35238;RENNES;HOMME;Valérian;1
2014;;35238;RENNES;HOMME;Vincent;1
2014;;35238;RENNES;HOMME;Vinoth;1
2014;;35238;RENNES;HOMME;Virgile;1
2014;;35238;RENNES;HOMME;Vito;1
2014;;35238;RENNES;HOMME;Wanis;1
2014;;35238;RENNES;HOMME;Waren;1
2014;;35238;RENNES;HOMME;Wassil;1
2014;;35238;RENNES;HOMME;Wati;1
2014;;35238;RENNES;HOMME;Wayne;1
2014;;35238;RENNES;HOMME;Welat;1
2014;;35238;RENNES;HOMME;Wyatt;1
2014;;35238;RENNES;HOMME;Wylan;1
2014;;35238;RENNES;HOMME;Xavier;1
2014;;35238;RENNES;HOMME;Yacouba;1
2014;;35238;RENNES;HOMME;Yakub;1
2014;;35238;RENNES;HOMME;Yanel;1
2014;;35238;RENNES;HOMME;Yannis;1
2014;;35238;RENNES;HOMME;Yaouen;1
2014;;35238;RENNES;HOMME;Yasser;1
2014;;35238;RENNES;HOMME;Yassir;1
2014;;35238;RENNES;HOMME;Yilan;1
2014;;35238;RENNES;HOMME;Yliam;1
2014;;35238;RENNES;HOMME;Yliess;1
2014;;35238;RENNES;HOMME;Ymran;1
2014;;35238;RENNES;HOMME;Yoachim;1
2014;;35238;RENNES;HOMME;Yoen;1
2014;;35238;RENNES;HOMME;Yohan;1
2014;;35238;RENNES;HOMME;Yoni;1
2014;;35238;RENNES;HOMME;Yoris;1
2014;;35238;RENNES;HOMME;Yoshua;1
2014;;35238;RENNES;HOMME;Younes-Angel;1
2014;;35238;RENNES;HOMME;Youness;1
2014;;35238;RENNES;HOMME;Yuncong;1
2014;;35238;RENNES;HOMME;Yunes;1
2014;;35238;RENNES;HOMME;Yunus;1
2014;;35238;RENNES;HOMME;Yvann;1
2014;;35238;RENNES;HOMME;Yves-Marie;1
2014;;35238;RENNES;HOMME;Ywen;1
2014;;35238;RENNES;HOMME;Zachary;1
2014;;35238;RENNES;HOMME;Zakary;1
2014;;35238;RENNES;HOMME;Zakarya;1
2014;;35238;RENNES;HOMME;Zayd;1
2014;;35238;RENNES;HOMME;Zephyr;1
2014;;35238;RENNES;HOMME;Ziad;1
2014;;35238;RENNES;HOMME;Ziyan;1
2014;;35238;RENNES;HOMME;Zoheir;1
2014;;35238;RENNES;HOMME;Zoran;1
2014;;35238;RENNES;HOMME;Zyad;1
2014;;35238;RENNES;HOMME;Zéphyr;1
2014;;35238;RENNES;HOMME;Zübeyir;1
2014;;35238;RENNES;HOMME;Éliot;1
2014;;35238;RENNES;HOMME;Éliott;1
2014;;35238;RENNES;HOMME;Éloi;1
2014;;35238;RENNES;HOMME;Émile;1
2014;;35238;RENNES;HOMME;Ömer;1
2014;;35238;RENNES;HOMME;Özdemir;1
