Virginie de Da Silva,wleroux@jourdan.org
Michelle Moreau-Ruiz,albertcolette@noos.fr
Virginie de Da Silva,christophe38@yahoo.fr
Capucine Girard du Mathieu,perrotmarianne@dijoux.org
Pénélope Paris,penelope92@sfr.fr
Virginie de Da Silva,charlottebenoit@marques.org
Capucine Girard du Mathieu,oceane34@lemonnier.fr
Paul Millet,gcosta@bouygtel.fr
Pénélope Paris,cbonneau@da.com
Pénélope Paris,hchretien@mendes.com
Pénélope Paris,emilie47@gmail.com
Pénélope Paris,allardmarine@masse.org
Pénélope Paris,rgimenez@teixeira.com
Virginie de Da Silva,ldaniel@live.com
Éric Roche,helene68@prevost.net
Sabine de Gillet,maheanouk@tiscali.fr
Sabine de Gillet,turpinlaetitia@tele2.fr
Virginie de Da Silva,emmanuelle59@martin.fr
Virginie de Da Silva,bgirard@de.com
Virginie de Da Silva,odette89@martinez.org
Virginie de Da Silva,honore46@club-internet.fr
Sabine de Gillet,daniellagarde@hotmail.fr
Pénélope Paris,matthieu20@le.fr
Capucine Girard du Mathieu,marinchantal@sfr.fr
Virginie de Da Silva,patricia19@leger.com
Virginie de Da Silva,valleeanouk@marchal.org
Virginie de Da Silva,yriviere@free.fr
Pénélope Paris,dianemarchal@gmail.com
Capucine Girard du Mathieu,charlotte56@gilbert.com
Pénélope Paris,baudryelisabeth@voisin.com
Virginie de Da Silva,fabreraymond@olivier.fr
Pénélope Paris,margot81@texier.com
Sabine de Gillet,victoirehumbert@dbmail.com
Pénélope Paris,claude18@yahoo.fr
Pénélope Paris,hblin@adam.net
Virginie de Da Silva,lorrainediaz@live.com
Pénélope Paris,danielda-costa@club-internet.fr
Pénélope Paris,ujulien@berger.com
Pénélope Paris,blotroger@orange.fr
Pénélope Paris,virginielucas@seguin.net
Sabine de Gillet,mde-oliveira@ifrance.com
Virginie de Da Silva,louis90@ifrance.com
Sabine de Gillet,faurelouise@tiscali.fr
Pénélope Paris,qjean@arnaud.fr
Virginie de Da Silva,anouk68@tele2.fr
Virginie de Da Silva,nicolas06@leconte.fr
Sabine de Gillet,aclerc@bonneau.net
Michelle Moreau-Ruiz,madeleine28@maury.com
Pénélope Paris,apasquier@hotmail.fr
Sabine de Gillet,agathefaure@courtois.fr
Virginie de Da Silva,dumasmarc@alexandre.com
Capucine Girard du Mathieu,aimeegregoire@bonneau.fr
Virginie de Da Silva,roussetalix@lecomte.fr
Virginie de Da Silva,guibertmichelle@weiss.com
Pénélope Paris,hbecker@yahoo.fr
Virginie de Da Silva,edith01@dbmail.com
Virginie de Da Silva,carreluce@tiscali.fr
Virginie de Da Silva,theodoregaudin@noos.fr
Pénélope Paris,vtexier@hotmail.fr
Capucine Girard du Mathieu,fjacques@henry.com
Pénélope Paris,thierry10@vallet.com
Sabine de Gillet,paulinepicard@hotmail.fr
Pénélope Paris,lefebvrethibaut@dufour.fr
Sabine de Gillet,dumasmonique@olivier.fr
Virginie de Da Silva,camillenicolas@pasquier.com
Pénélope Paris,lbourgeois@club-internet.fr
Capucine Girard du Mathieu,wmasson@gimenez.fr
Virginie de Da Silva,cecile86@club-internet.fr
Pénélope Paris,uguillet@chevallier.com
Capucine Girard du Mathieu,vmaillard@charpentier.org
Éric Roche,gonzalezgilbert@berger.fr
Virginie de Da Silva,claire94@guillaume.fr
Virginie de Da Silva,plabbe@laposte.net
Éric Roche,francoismichele@chevallier.fr
Virginie de Da Silva,kleroux@wanadoo.fr
Danielle du Costa,jolylouis@tele2.fr
Virginie de Da Silva,ydidier@orange.fr
Pénélope Paris,noel50@pelletier.com
Sabine de Gillet,adrien89@gros.net
Virginie de Da Silva,ferreiragenevieve@club-internet.fr
Paul Millet,umarques@dupre.com
Virginie de Da Silva,margaretgautier@dbmail.com
Pénélope Paris,elisabethpinto@martinez.net
Pénélope Paris,jtorres@goncalves.org
Sabine de Gillet,thierry62@michaud.fr
Pénélope Paris,celina71@wanadoo.fr
Virginie de Da Silva,maggie65@gmail.com
Pénélope Paris,oherve@noos.fr
Capucine Girard du Mathieu,bernadettemarion@marion.fr
Sabine de Gillet,camusconstance@vaillant.fr
Pénélope Paris,delannoyrenee@yahoo.fr
Virginie de Da Silva,qguillaume@leger.org
Virginie de Da Silva,perrotmarie@sfr.fr
Capucine Girard du Mathieu,richardlaurence@bourgeois.com
Pénélope Paris,ybouchet@bonnet.com
Pénélope Paris,margot97@julien.com
Juliette Lombard,xaviergimenez@noos.fr
Sabine de Gillet,laporteclaude@neveu.com
Virginie de Da Silva,pottiervalentine@hernandez.com
Capucine Girard du Mathieu,gilles26@ifrance.com
Virginie de Da Silva,chantalfouquet@regnier.com
Virginie de Da Silva,charlesgautier@tiscali.fr
Pénélope Paris,ines72@voila.fr
Pénélope Paris,delaunayalphonse@techer.com
Pénélope Paris,sbrunel@hotmail.fr
Pénélope Paris,francois79@dbmail.com
Pénélope Paris,marielebon@le.fr
Capucine Girard du Mathieu,thibaultastrid@arnaud.fr
Virginie de Da Silva,sabinemartel@diaz.com
Virginie de Da Silva,xblanchard@de.net
Sabine de Gillet,xclement@pires.com
Pénélope Paris,julienvirginie@menard.fr
Virginie de Da Silva,henriettemarques@remy.net
Sabine de Gillet,brunelnathalie@leveque.com
Juliette Lombard,ramosmichelle@laposte.net
Virginie de Da Silva,andre14@bruneau.net
Pénélope Paris,philippineraynaud@breton.com
Virginie de Da Silva,laurencemary@guibert.com
Capucine Girard du Mathieu,lperrin@yahoo.fr
Capucine Girard du Mathieu,ponsroger@hebert.com
Pénélope Paris,amelie90@bouygtel.fr
Virginie de Da Silva,vgirard@ferrand.net
Capucine Girard du Mathieu,dbonnet@tele2.fr
Virginie de Da Silva,brigittetraore@hoareau.com
Pénélope Paris,isabelle30@colin.com
Pénélope Paris,sabine93@peron.fr
Paul Millet,tpelletier@pasquier.fr
Pénélope Paris,zguillot@voila.fr
Pénélope Paris,victoire07@laine.net
Pénélope Paris,malletsimone@martel.org
Virginie de Da Silva,fernandezmartin@lambert.org
Virginie de Da Silva,msanchez@voila.fr
Paul Millet,chauveaujacques@roussel.net
Pénélope Paris,raymond60@vidal.com
Hortense Blondel,amelie71@live.com
Pénélope Paris,arnaudjacques@live.com
Sabine de Gillet,ychevallier@garnier.net
Virginie de Da Silva,emmanuel56@tanguy.org
Virginie de Da Silva,virginie71@voila.fr
Pénélope Paris,louis41@laposte.net
Pénélope Paris,ymartin@lacombe.fr
Virginie de Da Silva,zfrancois@gmail.com
Pénélope Paris,torresemile@gmail.com
Pénélope Paris,vasseurpenelope@gmail.com
Virginie de Da Silva,charlottepichon@grondin.org
Sabine de Gillet,alicecharpentier@imbert.org
Pénélope Paris,qda-costa@hotmail.fr
Capucine Girard du Mathieu,denisgerard@yahoo.fr
Paul Millet,collinmarc@yahoo.fr
Juliette Lombard,eugeneetienne@renaud.fr
Pénélope Paris,lefevretheodore@voila.fr
Michelle Moreau-Ruiz,ogrenier@club-internet.fr
Capucine Girard du Mathieu,veronique84@wanadoo.fr
Michelle Moreau-Ruiz,ageorges@yahoo.fr
Sabine de Gillet,krey@free.fr
Pénélope Paris,fdufour@weiss.com
Pénélope Paris,bpereira@bruneau.fr
Pénélope Paris,matthieu74@yahoo.fr
Capucine Girard du Mathieu,hdupuis@orange.fr
Sabine de Gillet,aurelie24@tiscali.fr
Sabine de Gillet,blanchardjacqueline@wanadoo.fr
Pénélope Paris,launaysimone@roux.com
Michelle Moreau-Ruiz,verdiermarie@rousset.fr
Pénélope Paris,francoisseguin@orange.fr
Virginie de Da Silva,edouardblin@ifrance.com
Sabine de Gillet,augustinroche@dupuy.net
Virginie de Da Silva,audreyvasseur@le.net
Virginie de Da Silva,audrey60@wanadoo.fr
Virginie de Da Silva,auguste40@gmail.com
Virginie de Da Silva,turpinsuzanne@free.fr
Virginie de Da Silva,celinasamson@orange.fr
Virginie de Da Silva,louisedelannoy@bouygtel.fr
Pénélope Paris,sylvie63@launay.fr
Sabine de Gillet,vmarques@pasquier.net
Pénélope Paris,qpasquier@rolland.com
Pénélope Paris,laure34@marchal.com
Sabine de Gillet,ngomes@sauvage.fr
Pénélope Paris,capucineperrier@blondel.com
Virginie de Da Silva,manoncolin@boulanger.fr
Virginie de Da Silva,guillonchristiane@wanadoo.fr
Virginie de Da Silva,jhamon@orange.fr
Virginie de Da Silva,eric14@dbmail.com
Pénélope Paris,goncalvescharles@gmail.com
Pénélope Paris,lamyjoseph@dbmail.com
Michelle Moreau-Ruiz,laurentmoreau@lombard.fr
Capucine Girard du Mathieu,christine06@bouygtel.fr
Sabine de Gillet,franckmarechal@fleury.fr
Pénélope Paris,jules18@maillard.com
Pénélope Paris,evrardemmanuelle@dubois.com
Pénélope Paris,aurore51@orange.fr
Paul Millet,rbaron@jacquot.com
Capucine Girard du Mathieu,dianeperrier@bourdon.com
Virginie de Da Silva,agiraud@prevost.fr
Pénélope Paris,mariecharrier@couturier.com
Michelle Moreau-Ruiz,margot21@sfr.fr
Sabine de Gillet,fpons@tiscali.fr
Pénélope Paris,gilbert63@traore.fr
Pénélope Paris,lecontejosette@bernier.fr
Pénélope Paris,mariedelmas@dbmail.com
Pénélope Paris,paulinephilippe@bousquet.com
Virginie de Da Silva,manon50@yahoo.fr
Capucine Girard du Mathieu,arnaude09@voila.fr
Pénélope Paris,abertrand@laposte.net
Pénélope Paris,daisyrichard@vincent.com
Pénélope Paris,elisabeth49@jacquet.com
Pénélope Paris,joubertpenelope@lemonnier.fr
Virginie de Da Silva,allainphilippe@gmail.com
Sabine de Gillet,marchaljeanne@martinez.fr
Virginie de Da Silva,nathaliemerle@gmail.com
Virginie de Da Silva,elodielaunay@sfr.fr
Virginie de Da Silva,clemencegallet@noos.fr
Véronique Chauvin-Perret,guillaumepatrick@orange.fr
Sabine de Gillet,mathildecolin@club-internet.fr
Pénélope Paris,techerlucas@lejeune.com
Sabine de Gillet,valettemarcelle@ifrance.com
Sabine de Gillet,aubertgenevieve@laposte.net
Capucine Girard du Mathieu,acourtois@lemonnier.com
Virginie de Da Silva,philippenicolas@faivre.fr
Juliette Lombard,de-sousaconstance@vidal.org
Virginie de Da Silva,noemi54@live.com
Pénélope Paris,massecharles@leleu.org
Pénélope Paris,xtecher@club-internet.fr
Pénélope Paris,ramosgerard@faivre.com
Pénélope Paris,ebouvier@launay.net
Virginie de Da Silva,francoiselodie@orange.fr
Virginie de Da Silva,rtanguy@tele2.fr
Pénélope Paris,martineauvincent@wanadoo.fr
Pénélope Paris,michelcatherine@aubert.com
Pénélope Paris,lambertxavier@tele2.fr
Michelle Moreau-Ruiz,danieltristan@hebert.fr
Sabine de Gillet,margueriteboucher@lucas.com
Virginie de Da Silva,vdiallo@sfr.fr
Pénélope Paris,xavier43@fouquet.fr
Sabine de Gillet,henrietterenard@collet.fr
Pénélope Paris,bazineugene@tiscali.fr
Pénélope Paris,theodoretexier@perrier.fr
Pénélope Paris,josette86@laposte.net
Virginie de Da Silva,astrid85@tiscali.fr
Virginie de Da Silva,paul46@laurent.com
Pénélope Paris,martine18@goncalves.com
Virginie de Da Silva,rodriguesjosette@alexandre.fr
Sabine de Gillet,xgilles@yahoo.fr
Virginie de Da Silva,paulettelaurent@free.fr
Virginie de Da Silva,talves@bouygtel.fr
Virginie de Da Silva,stephanieguilbert@camus.fr
Virginie de Da Silva,christiane99@lucas.org
Virginie de Da Silva,noemilacroix@bonneau.com
Sabine de Gillet,nathalie92@yahoo.fr
Sabine de Gillet,theophile79@tele2.fr
Virginie de Da Silva,josephineseguin@navarro.fr
Pénélope Paris,dcharles@gmail.com
Sabine de Gillet,clemencelaine@orange.fr
Pénélope Paris,adrien89@tele2.fr
Pénélope Paris,tjacquet@dbmail.com
Sabine de Gillet,philippineleclercq@tiscali.fr
Pénélope Paris,alexlebreton@voisin.net
Virginie de Da Silva,ogiraud@yahoo.fr
Virginie de Da Silva,thibaultadam@yahoo.fr
Pénélope Paris,frederique73@meunier.fr
Pénélope Paris,wfleury@tele2.fr
Pénélope Paris,cecilegarnier@dbmail.com
Pénélope Paris,hernandezlaurent@bailly.fr
Capucine Girard du Mathieu,guerinemmanuelle@foucher.fr
Pénélope Paris,blancadrienne@dbmail.com
Virginie de Da Silva,marinelesage@free.fr
Lucie Fischer,morinalfred@olivier.org
Pénélope Paris,raynaudandree@robert.com
Pénélope Paris,jeannele-roux@tele2.fr
Pénélope Paris,mendesjosette@tiscali.fr
Pénélope Paris,aimegoncalves@laporte.fr
Virginie de Da Silva,luce90@mace.fr
Pénélope Paris,alexandre99@tiscali.fr
Capucine Girard du Mathieu,vincent51@pages.com
Virginie de Da Silva,ines94@gautier.fr
Pénélope Paris,ypayet@tele2.fr
Pénélope Paris,edithcourtois@jacquot.com
Michelle Moreau-Ruiz,grosjeannine@schneider.fr
Pénélope Paris,oceane16@free.fr
Pénélope Paris,jbouvier@dufour.net
Pénélope Paris,qbazin@bonnet.org
Capucine Girard du Mathieu,grobin@fernandez.com
Pénélope Paris,emmanuel98@gmail.com
Sabine de Gillet,stephane62@tele2.fr
Pénélope Paris,patrick09@bazin.fr
Pénélope Paris,dguerin@jacquet.com
Virginie de Da Silva,bonneauagathe@barbe.com
Sabine de Gillet,caroline60@wanadoo.fr
Virginie de Da Silva,sylvie70@wanadoo.fr
Pénélope Paris,fsamson@orange.fr
Michelle Moreau-Ruiz,bertrandgilbert@sauvage.fr
Pénélope Paris,thamon@cousin.fr
Pénélope Paris,hcollet@noos.fr
Michelle Moreau-Ruiz,valentinebegue@bazin.net
Sabine de Gillet,mariebernadette@gmail.com
Pénélope Paris,galletwilliam@morin.com
Sabine de Gillet,legrandnoel@sfr.fr
Virginie de Da Silva,nathalie70@bouygtel.fr
Capucine Girard du Mathieu,sauvagedavid@free.fr
Pénélope Paris,arnaudechauveau@maury.com
Virginie de Da Silva,fontainesabine@yahoo.fr
Virginie de Da Silva,dominiquejacquet@club-internet.fr
Pénélope Paris,olivierthibaut@sfr.fr
Pénélope Paris,mgonzalez@wanadoo.fr
Virginie de Da Silva,deschampsmargot@voila.fr
Sabine de Gillet,philippe72@free.fr
Pénélope Paris,levequepauline@free.fr
Sabine de Gillet,jpicard@laposte.net
Sabine de Gillet,harnaud@vallet.org
Virginie de Da Silva,charlotte88@live.com
Virginie de Da Silva,jacques23@laposte.net
Sabine de Gillet,alexandrie97@guillou.fr
Sabine de Gillet,pgrondin@colin.org
Capucine Girard du Mathieu,pruvostemile@delmas.fr
Virginie de Da Silva,anne20@da.fr
Pénélope Paris,lhebert@joly.fr
Pénélope Paris,larnaud@laposte.net
Virginie de Da Silva,grobert@tanguy.fr
Capucine Girard du Mathieu,patrickledoux@hoarau.net
Pénélope Paris,eugene07@techer.com
Pénélope Paris,frederiquesimon@diaz.com
Capucine Girard du Mathieu,valentinecousin@martinez.net
Paul Millet,simone37@chauvin.com
Anaïs de la Gerard,potierhortense@maillet.com
Pénélope Paris,sabineroche@tele2.fr
Pénélope Paris,juliesalmon@fontaine.fr
Pénélope Paris,ele-gall@roussel.fr
Virginie de Da Silva,penelope92@voisin.fr
Capucine Girard du Mathieu,couturierjulien@bouvier.com
Pénélope Paris,alicebailly@club-internet.fr
Sabine de Gillet,lecontechristophe@dbmail.com
Michelle Moreau-Ruiz,xavierberthelot@bouygtel.fr
Virginie de Da Silva,cperrin@daniel.net
Paul Millet,martinevidal@begue.fr
Pénélope Paris,ibruneau@tele2.fr
Virginie de Da Silva,susan23@sfr.fr
Sabine de Gillet,rdurand@live.com
Pénélope Paris,michelle26@guillaume.fr
Pénélope Paris,alex88@dbmail.com
Danielle du Costa,mcaron@riviere.com
Sabine de Gillet,qdenis@voila.fr
Virginie de Da Silva,stephanielecomte@gmail.com
Pénélope Paris,voisinlouise@tiscali.fr
Virginie de Da Silva,elisabethfrancois@buisson.fr
Pénélope Paris,csanchez@marie.com
Sabine de Gillet,victoireperon@monnier.fr
Pénélope Paris,guilletisabelle@morel.fr
Virginie de Da Silva,schneiderandree@marques.net
Pénélope Paris,valentinedijoux@chevallier.org
Pénélope Paris,schmittemilie@voila.fr
Paul Millet,rollivier@olivier.fr
Virginie de Da Silva,elisabeth42@bouygtel.fr
Sabine de Gillet,sebastien34@pascal.com
Pénélope Paris,perezmichelle@yahoo.fr
Virginie de Da Silva,nathgirard@schneider.com
Virginie de Da Silva,foucherarnaude@dubois.com
Virginie de Da Silva,raymond99@live.com
Sabine de Gillet,clercmaggie@tiscali.fr
Virginie de Da Silva,daniel99@bertin.fr
Pénélope Paris,alfredhardy@joubert.com
Pénélope Paris,noelpicard@sfr.fr
Pénélope Paris,jmartel@tiscali.fr
Pénélope Paris,timothee47@bouygtel.fr
Capucine Girard du Mathieu,lucasnicolas@live.com
Capucine Girard du Mathieu,bodingabrielle@yahoo.fr
Sabine de Gillet,aurelie33@free.fr
Pénélope Paris,zoepons@hoarau.fr
Virginie de Da Silva,margauxribeiro@berthelot.com
Pénélope Paris,ymartin@bernier.com
Virginie de Da Silva,william01@wanadoo.fr
Virginie de Da Silva,ebegue@hotmail.fr
Pénélope Paris,jerome85@tiscali.fr
Sabine de Gillet,guillaumehardy@laposte.net
Virginie de Da Silva,detienne@rossi.fr
Pénélope Paris,paulweiss@ifrance.com
Pénélope Paris,tristangimenez@blin.fr
Pénélope Paris,emmanuelle75@peron.fr
Sabine de Gillet,parentadrien@free.fr
Pénélope Paris,monique44@wanadoo.fr
Pénélope Paris,guillaumelucas@dbmail.com
Michelle Moreau-Ruiz,edithauger@dbmail.com
Sabine de Gillet,guyotjosette@richard.fr
Éric Roche,augeretienne@club-internet.fr
Virginie de Da Silva,alaincolin@dijoux.com
Pénélope Paris,cperon@club-internet.fr
Virginie de Da Silva,anoukgarcia@lopes.com
Pénélope Paris,ymaury@garcia.com
Virginie de Da Silva,anouk66@tiscali.fr
Virginie de Da Silva,etessier@yahoo.fr
Virginie de Da Silva,claudinemarechal@club-internet.fr
Pénélope Paris,emilie19@bouygtel.fr
Virginie de Da Silva,nicolaselise@orange.fr
Sabine de Gillet,christophe19@gmail.com
Virginie de Da Silva,alain50@chartier.com
Pénélope Paris,theophile37@gautier.org
Pénélope Paris,joseph28@lopez.fr
Paul Millet,deniseandre@leleu.net
Pénélope Paris,martine40@raymond.com
Sabine de Gillet,roland14@free.fr
Anaïs de la Gerard,adriennechauveau@wanadoo.fr
Pénélope Paris,laurent64@gimenez.com
Pénélope Paris,louisjosephine@live.com
Virginie de Da Silva,isaacgarcia@live.com
Paul Millet,cletellier@live.com
Michelle Moreau-Ruiz,fabrecelina@noos.fr
Pénélope Paris,cecilevasseur@orange.fr
Sabine de Gillet,adameric@gmail.com
Virginie de Da Silva,bretonalain@dbmail.com
Virginie de Da Silva,maggiepeltier@tele2.fr
Pénélope Paris,guilletmarthe@sfr.fr
Capucine Girard du Mathieu,tloiseau@sfr.fr
Sabine de Gillet,delattreolivier@dbmail.com
Pénélope Paris,atorres@ifrance.com
Paul Millet,edouardbarre@yahoo.fr
Pénélope Paris,monniereleonore@tiscali.fr
Pénélope Paris,dupuymarcelle@toussaint.com
Pénélope Paris,moreljosephine@wanadoo.fr
Sabine de Gillet,michellelaroche@merle.fr
Pénélope Paris,patriciachevallier@meyer.com
Capucine Girard du Mathieu,emmanuelgodard@menard.org
Pénélope Paris,aimee79@free.fr
Virginie de Da Silva,gboutin@joubert.net
Michelle Moreau-Ruiz,charles94@yahoo.fr
Sabine de Gillet,xlegendre@wanadoo.fr
Pénélope Paris,alex02@free.fr
Sabine de Gillet,klemoine@hotmail.fr
Sabine de Gillet,vdumont@lamy.com
Pénélope Paris,josephinecaron@orange.fr
Pénélope Paris,jeanne11@bertrand.fr
Sabine de Gillet,francoise18@tele2.fr
Virginie de Da Silva,cordierrene@da.com
Michelle Moreau-Ruiz,matthieu02@voila.fr
Virginie de Da Silva,philippeleger@dbmail.com
Pénélope Paris,lrodrigues@didier.net
Capucine Girard du Mathieu,francois59@wanadoo.fr
Michelle Moreau-Ruiz,ybigot@noos.fr
Virginie de Da Silva,vlefebvre@berger.fr
Pénélope Paris,kdidier@bruneau.fr
Virginie de Da Silva,qlacombe@nicolas.com
Virginie de Da Silva,kvoisin@orange.fr
Sabine de Gillet,nathalierenault@tele2.fr
Virginie de Da Silva,falbert@ifrance.com
Pénélope Paris,rollandtheodore@ifrance.com
Pénélope Paris,paulettefrancois@sfr.fr
Virginie de Da Silva,josephguichard@bouygtel.fr
Virginie de Da Silva,fontainejean@schmitt.com
Virginie de Da Silva,anaisguillot@bouygtel.fr
Sabine de Gillet,imichaud@de.com
Virginie de Da Silva,aliceboutin@lefebvre.com
Pénélope Paris,idelahaye@ifrance.com
Capucine Girard du Mathieu,dupuyoceane@marchand.net
Pénélope Paris,eric76@pruvost.com
Pénélope Paris,fandre@yahoo.fr
Pénélope Paris,sylvie10@valentin.com
Paul Millet,leducalex@lenoir.org
Sabine de Gillet,fontaineolivier@dias.org
Pénélope Paris,peronpatrick@voila.fr
Virginie de Da Silva,bbaudry@voila.fr
Virginie de Da Silva,bernardwagner@laporte.net
Juliette Lombard,christiane62@club-internet.fr
Pénélope Paris,guerinmathilde@sfr.fr
Michelle Moreau-Ruiz,berthelotemilie@roux.org
Virginie de Da Silva,vruiz@voila.fr
Virginie de Da Silva,eric75@hotmail.fr
Pénélope Paris,gcolin@sfr.fr
Michelle Moreau-Ruiz,diazgabriel@ollivier.fr
Paul Millet,alexandriacordier@yahoo.fr
Pénélope Paris,eric02@muller.fr
Capucine Girard du Mathieu,margauddupuy@live.com
Virginie de Da Silva,elodieroger@peltier.org
Virginie de Da Silva,sauvageanouk@dbmail.com
Sabine de Gillet,alexguillaume@club-internet.fr
Virginie de Da Silva,martheimbert@sfr.fr
Pénélope Paris,remylesage@loiseau.org
Virginie de Da Silva,marcmorvan@raymond.com
Sabine de Gillet,benoitgaillard@tele2.fr
Pénélope Paris,jacquetfrederic@dbmail.com
Virginie de Da Silva,langloismarguerite@hotmail.fr
Virginie de Da Silva,antoinemargaud@free.fr
Pénélope Paris,ineshuet@yahoo.fr
Virginie de Da Silva,clairehamon@hotmail.fr
Michelle Moreau-Ruiz,delannoyclaude@barbe.fr
Virginie de Da Silva,bruneaulaurence@adam.com
Sabine de Gillet,gguilbert@perez.org
Éric Roche,olivieperrot@tiscali.fr
Virginie de Da Silva,emmanuel43@aubry.com
Pénélope Paris,gautieremmanuelle@bouygtel.fr
Capucine Girard du Mathieu,christelle74@yahoo.fr
Pénélope Paris,blanchardmatthieu@vidal.com
Pénélope Paris,hlemaitre@lebon.com
Pénélope Paris,ferreiramaggie@jacob.fr
Pénélope Paris,timothee51@voila.fr
Paul Millet,spereira@fouquet.com
Anaïs de la Gerard,anouk25@gay.net
Sabine de Gillet,reyanne@laine.fr
Pénélope Paris,ichretien@tele2.fr
Virginie de Da Silva,mchretien@potier.org
Virginie de Da Silva,piresclaudine@laposte.net
Pénélope Paris,delattrehonore@wanadoo.fr
Virginie de Da Silva,joseph23@pires.fr
Pénélope Paris,nmendes@wanadoo.fr
Pénélope Paris,qjulien@voila.fr
Virginie de Da Silva,clairerobert@couturier.com
Pénélope Paris,stephanie48@noos.fr
Virginie de Da Silva,juliencourtois@tiscali.fr
Virginie de Da Silva,krousseau@pruvost.org
Virginie de Da Silva,dmendes@bouygtel.fr
Pénélope Paris,alex91@dbmail.com
Sabine de Gillet,tmahe@wanadoo.fr
Capucine Girard du Mathieu,francoise11@free.fr
Pénélope Paris,madeleine47@roche.com
Sabine de Gillet,michelle56@hamon.net
Virginie de Da Silva,richardgirard@adam.com
Sabine de Gillet,penelope86@fernandes.fr
Virginie de Da Silva,francoiseweber@hebert.fr
Virginie de Da Silva,neveudiane@laposte.net
Pénélope Paris,leroydiane@guillon.net
Michelle Moreau-Ruiz,lucasbourgeois@gaudin.com
Pénélope Paris,georgesmarchal@carre.fr
Paul Millet,davidhenry@techer.com
Danielle du Costa,vperon@dupont.org
Virginie de Da Silva,nathalieleroy@dbmail.com
Pénélope Paris,theodore14@loiseau.net
Capucine Girard du Mathieu,moulinalexandre@tiscali.fr
Juliette Lombard,ploiseau@bousquet.com
Virginie de Da Silva,hfernandez@philippe.com
Pénélope Paris,alix10@rossi.net
Paul Millet,barthelemyemmanuelle@tiscali.fr
Capucine Girard du Mathieu,margotlaine@jean.com
Anaïs de la Gerard,theodore81@free.fr
Pénélope Paris,eteixeira@bouygtel.fr
Virginie de Da Silva,mda-costa@roux.com
Pénélope Paris,michele52@parent.fr
Pénélope Paris,adelaide47@huet.fr
Sabine de Gillet,delannoyauguste@mathieu.com
Hortense Blondel,srolland@remy.com
Virginie de Da Silva,corinnemoulin@dbmail.com
Pénélope Paris,fmaurice@sfr.fr
Sabine de Gillet,devauxlouis@launay.fr
Pénélope Paris,antoinevalentine@foucher.net
Virginie de Da Silva,vneveu@hotmail.fr
Pénélope Paris,thomascolin@georges.com
Virginie de Da Silva,pdufour@blondel.org
Pénélope Paris,rledoux@hotmail.fr
Sabine de Gillet,lebonnoemi@millet.org
Sabine de Gillet,tfleury@ifrance.com
Lucie Fischer,leonrolland@sfr.fr
Pénélope Paris,aubrychristine@free.fr
Pénélope Paris,alexandrehernandez@orange.fr
Virginie de Da Silva,schauvin@laposte.net
Virginie de Da Silva,emilie96@prevost.fr
Pénélope Paris,pagesjoseph@caron.fr
Virginie de Da Silva,irenaud@navarro.com
Pénélope Paris,tristanlejeune@tele2.fr
Pénélope Paris,madeleine12@costa.com
Sabine de Gillet,vtexier@daniel.com
Sabine de Gillet,christelle21@renault.com
Pénélope Paris,colletgregoire@baron.fr
Virginie de Da Silva,amelie97@tele2.fr
Pénélope Paris,anormand@orange.fr
Pénélope Paris,victorlucas@sfr.fr
Pénélope Paris,raymond17@guillet.fr
Virginie de Da Silva,olivier84@gmail.com
Virginie de Da Silva,qverdier@hotmail.fr
Virginie de Da Silva,xpicard@tiscali.fr
Pénélope Paris,qbonnin@royer.com
Pénélope Paris,munozdiane@laine.fr
Virginie de Da Silva,valerieribeiro@tiscali.fr
Michel Mary,amelielemoine@schneider.com
Virginie de Da Silva,qbousquet@tiscali.fr
Virginie de Da Silva,hortense80@live.com
Sabine de Gillet,jacquesgrondin@wagner.com
Pénélope Paris,nath44@valette.com
Capucine Girard du Mathieu,francoisbarbe@bouygtel.fr
Pénélope Paris,emilie83@vallet.fr
Capucine Girard du Mathieu,marthe43@wagner.net
Sabine de Gillet,hugues61@da.com
Sabine de Gillet,adriennelaporte@ifrance.com
Pénélope Paris,berthelotnicolas@yahoo.fr
Pénélope Paris,paulnicolas@sfr.fr
Sabine de Gillet,bcoulon@bouygtel.fr
Pénélope Paris,dorothee45@wanadoo.fr
Capucine Girard du Mathieu,heleneraynaud@sfr.fr
Pénélope Paris,paulette33@gros.org
Virginie de Da Silva,qperon@lecoq.fr
Sabine de Gillet,piresnathalie@free.fr
Pénélope Paris,lda-silva@begue.com
Pénélope Paris,qgosselin@gmail.com
Virginie de Da Silva,diashugues@guyot.com
Paul Millet,seguinsylvie@guichard.com
Pénélope Paris,zoerodrigues@lacroix.fr
Pénélope Paris,gregoirerichard@leger.org
Hortense Blondel,emmanuellefournier@bouygtel.fr
Virginie de Da Silva,fernandezanne@sfr.fr
Juliette Lombard,bernadette90@yahoo.fr
Pénélope Paris,reneelefebvre@gmail.com
Pénélope Paris,agnesmarchand@joseph.fr
Pénélope Paris,denisemarie@free.fr
Paul Millet,bessontherese@legros.com
Virginie de Da Silva,gonzalezstephanie@gmail.com
Pénélope Paris,petitjeanmichelle@sfr.fr
Paul Millet,costaelisabeth@letellier.fr
Pénélope Paris,laurent39@le.com
Pénélope Paris,hdupre@chauveau.com
Michelle Moreau-Ruiz,bmarchal@wanadoo.fr
Pénélope Paris,mathildebrunel@riviere.com
Capucine Girard du Mathieu,charpentiervalentine@delorme.com
Virginie de Da Silva,atoussaint@tele2.fr
Sabine de Gillet,sophiemarin@perrier.com
Anaïs de la Gerard,ucollin@noos.fr
Pénélope Paris,guilbertelodie@tele2.fr
Virginie de Da Silva,qroux@tele2.fr
Michelle Moreau-Ruiz,simonpatrick@marques.fr
Pénélope Paris,tgregoire@gaudin.com
Sabine de Gillet,laure84@andre.fr
Pénélope Paris,denisceline@aubry.com
Sabine de Gillet,arnaudeleleu@fabre.net
Virginie de Da Silva,thomasdufour@bouygtel.fr
Michelle Moreau-Ruiz,nathleclerc@bourdon.fr
Sabine de Gillet,fernandezluc@fernandes.fr
Pénélope Paris,petitgabrielle@garnier.net
Sabine de Gillet,claudeclement@dbmail.com
Sabine de Gillet,icharrier@voila.fr
Sabine de Gillet,xweiss@laposte.net
Pénélope Paris,guichardadelaide@texier.com
Pénélope Paris,antoine67@maillard.com
Sabine de Gillet,martinegermain@blanchard.com
Pénélope Paris,ldelaunay@yahoo.fr
Capucine Girard du Mathieu,thomas07@robert.net
Pénélope Paris,christelle51@guyot.com
Virginie de Da Silva,vandre@torres.fr
Sabine de Gillet,jpaul@club-internet.fr
Virginie de Da Silva,pperrot@hotmail.fr
Pénélope Paris,sophie49@collet.fr
Michel Mary,tristanlemonnier@morel.com
Pénélope Paris,jacquesbonneau@martel.com
Virginie de Da Silva,camille46@duval.fr
Pénélope Paris,nmarchal@clement.com
Pénélope Paris,elodie38@bouygtel.fr
Virginie de Da Silva,bourdonjacques@yahoo.fr
Capucine Girard du Mathieu,bouvetdavid@lopes.org
Capucine Girard du Mathieu,ulebrun@cordier.fr
Pénélope Paris,oolivier@orange.fr
Sabine de Gillet,augercolette@gmail.com
Pénélope Paris,marine31@live.com
Sabine de Gillet,adrienmillet@voila.fr
Sabine de Gillet,dorothee40@club-internet.fr
Paul Millet,garciajeanne@vasseur.fr
Pénélope Paris,vcolas@ifrance.com
Pénélope Paris,luceduhamel@gomes.fr
Sabine de Gillet,catherine45@salmon.com
Pénélope Paris,macejean@orange.fr
Sabine de Gillet,fernandessebastien@dupre.fr
Capucine Girard du Mathieu,franckweber@bonnet.com
Sabine de Gillet,ipoulain@lambert.com
Pénélope Paris,leducnicole@dbmail.com
Virginie de Da Silva,susan02@dbmail.com
Sabine de Gillet,arthurpruvost@free.fr
Michelle Moreau-Ruiz,laurentbriand@voila.fr
Virginie de Da Silva,fbernard@bouygtel.fr
Pénélope Paris,rousseauveronique@gmail.com
Pénélope Paris,ilejeune@dbmail.com
Virginie de Da Silva,marineboulay@henry.fr
Sabine de Gillet,vaillantlucy@hotmail.fr
Pénélope Paris,valleeantoinette@orange.fr
Virginie de Da Silva,emmanuelboulanger@buisson.fr
Virginie de Da Silva,audrey20@noos.fr
Paul Millet,buissongilles@dbmail.com
Virginie de Da Silva,zfrancois@laposte.net
Sabine de Gillet,alexandresebastien@sfr.fr
Pénélope Paris,ydeschamps@germain.fr
Pénélope Paris,jherve@wanadoo.fr
Sabine de Gillet,htecher@free.fr
Pénélope Paris,hameladrienne@fernandes.org
Pénélope Paris,yguibert@boulay.com
Pénélope Paris,tpinto@laposte.net
Virginie de Da Silva,dlaurent@ifrance.com
Sabine de Gillet,alexandrievalentin@chretien.fr
Juliette Lombard,jlemaire@perez.com
Pénélope Paris,andrecharles@laposte.net
Capucine Girard du Mathieu,adupuis@tele2.fr
Sabine de Gillet,blotlucas@boyer.fr
Pénélope Paris,clementceline@wanadoo.fr
Virginie de Da Silva,lemaitresimone@live.com
Paul Millet,milletagathe@wanadoo.fr
Pénélope Paris,marchalthierry@tele2.fr
Virginie de Da Silva,alexandre48@bouygtel.fr
Sabine de Gillet,suzannebrun@gonzalez.net
Michelle Moreau-Ruiz,lecontefranck@live.com
Pénélope Paris,mauriceaugustin@hotmail.fr
Pénélope Paris,renaudmarc@noos.fr
Juliette Lombard,helene33@lacombe.com
Pénélope Paris,lpayet@mathieu.com
Pénélope Paris,diane38@torres.fr
Michelle Moreau-Ruiz,alexandreherve@free.fr
Pénélope Paris,orossi@ifrance.com
Pénélope Paris,blecomte@blot.org
Pénélope Paris,fbonnet@dbmail.com
Éric Roche,marieisabelle@grenier.fr
Pénélope Paris,fouchermarcel@dbmail.com
Virginie de Da Silva,renee98@noos.fr
Virginie de Da Silva,dollivier@tiscali.fr
Pénélope Paris,blanchardsylvie@live.com
Pénélope Paris,oceane52@voila.fr
Sabine de Gillet,noemi86@club-internet.fr
Paul Millet,marclebreton@bouygtel.fr
Pénélope Paris,henri48@morvan.fr
Pénélope Paris,lecomteeric@noos.fr
Virginie de Da Silva,cmaillard@pasquier.fr
Juliette Lombard,buissoncorinne@hotmail.fr
Pénélope Paris,riouantoine@gillet.fr
Pénélope Paris,parentarthur@boucher.com
Pénélope Paris,moniquemorvan@sfr.fr
Pénélope Paris,danielle70@poulain.com
Virginie de Da Silva,claudine90@bernard.com
Sabine de Gillet,suzanne60@bouygtel.fr
Pénélope Paris,gbonnet@tele2.fr
Anaïs de la Gerard,benoitmercier@club-internet.fr
Pénélope Paris,dmaurice@noos.fr
Virginie de Da Silva,jules60@dbmail.com
Michelle Moreau-Ruiz,hugues15@collin.fr
Pénélope Paris,luc09@gmail.com
Virginie de Da Silva,constanceclement@dbmail.com
Pénélope Paris,bernadettevalette@vincent.com
Éric Roche,courtoisanne@olivier.com
Pénélope Paris,emilielopez@tiscali.fr
Danielle Le Roux,christine11@de.fr
Pénélope Paris,olivier10@ollivier.com
Pénélope Paris,nicolebigot@bouygtel.fr
Virginie de Da Silva,adelegaudin@yahoo.fr
Pénélope Paris,clemencemorin@dbmail.com
Virginie de Da Silva,meunierjuliette@tiscali.fr
Pénélope Paris,didierlouis@dbmail.com
Pénélope Paris,clairedumas@humbert.com
Pénélope Paris,raymond70@pichon.com
Pénélope Paris,josettede-sousa@orange.fr
Pénélope Paris,marcgauthier@free.fr
Virginie de Da Silva,emilieletellier@free.fr
Pénélope Paris,henriette03@chevalier.com
Pénélope Paris,levequemargaret@olivier.com
Éric Roche,isabellemoreno@peltier.fr
Virginie de Da Silva,pagescelina@yahoo.fr
Virginie de Da Silva,alicerichard@live.com
Pénélope Paris,luciecharrier@free.fr
Pénélope Paris,gerard01@dbmail.com
Virginie de Da Silva,suzanne62@dbmail.com
Sabine de Gillet,fchauvet@noos.fr
Pénélope Paris,qcosta@free.fr
Pénélope Paris,adelaide00@marin.org
Virginie de Da Silva,ncharpentier@jacquet.org
Virginie de Da Silva,lopesjosette@yahoo.fr
Capucine Girard du Mathieu,richardpaul@cohen.net
Pénélope Paris,alexandria51@tele2.fr
Sabine de Gillet,nweber@wanadoo.fr
Pénélope Paris,tmichel@club-internet.fr
Pénélope Paris,gilbertremy@laposte.net
Pénélope Paris,charlotte47@wanadoo.fr
Juliette Lombard,alainbousquet@chretien.net
Virginie de Da Silva,lucas94@chauveau.com
Pénélope Paris,cdos-santos@leclercq.fr
Sabine de Gillet,renee49@bouvet.fr
Virginie de Da Silva,emmanuel64@renault.fr
Capucine Girard du Mathieu,lopesrichard@bouygtel.fr
Sabine de Gillet,renee01@wanadoo.fr
Sabine de Gillet,leclercjules@charles.com
Pénélope Paris,gabriel80@hotmail.fr
Paul Millet,pchartier@lagarde.com
Sabine de Gillet,yvescharpentier@lelievre.org
Sabine de Gillet,raymonddupont@picard.net
Éric Roche,reneroy@vallet.net
Virginie de Da Silva,aimee40@tiscali.fr
Pénélope Paris,christelle38@rodriguez.fr
Virginie de Da Silva,aubertdaisy@voisin.com
Sabine de Gillet,bernadettebruneau@live.com
Paul Millet,webergabriel@gmail.com
Virginie de Da Silva,mle-roux@sfr.fr
Capucine Girard du Mathieu,manonroche@pierre.org
Sabine de Gillet,margaudjean@cordier.fr
Sabine de Gillet,veroniquebousquet@hebert.fr
Pénélope Paris,delattrejuliette@foucher.fr
Pénélope Paris,maurice44@dufour.net
Capucine Girard du Mathieu,devauxjosette@club-internet.fr
Pénélope Paris,marcel87@parent.com
Pénélope Paris,honorevallee@sfr.fr
Pénélope Paris,madeleine47@leroy.org
Virginie de Da Silva,rcoulon@free.fr
Pénélope Paris,julielegros@ifrance.com
Virginie de Da Silva,dominique27@tiscali.fr
Virginie de Da Silva,manon28@marechal.com
Michelle Moreau-Ruiz,petienne@yahoo.fr
Pénélope Paris,paulnathalie@bouvet.com
Sabine de Gillet,arthurmorin@gallet.fr
Paul Millet,legrosmarthe@tele2.fr
Éric Roche,claire69@peron.net
Pénélope Paris,ncarpentier@lemonnier.fr
Sabine de Gillet,marcel24@alves.com
Pénélope Paris,guillaume33@dbmail.com
Pénélope Paris,bouvetjerome@voila.fr
Virginie de Da Silva,dmartel@bouygtel.fr
Virginie de Da Silva,patrickpires@leveque.com
Virginie de Da Silva,buissonnathalie@boucher.net
Pénélope Paris,adelaide82@laposte.net
Virginie de Da Silva,michelvidal@chartier.fr
Sabine de Gillet,hubertbenoit@orange.fr
Pénélope Paris,le-goffthibaut@briand.net
Virginie de Da Silva,sleroux@richard.fr
Pénélope Paris,mullersimone@tiscali.fr
Pénélope Paris,duprejerome@hotmail.fr
Pénélope Paris,rgomez@levy.net
Maurice Gillet,nathfernandez@delaunay.fr
Pénélope Paris,wdelahaye@herve.fr
Virginie de Da Silva,paul08@tessier.com
Michelle Moreau-Ruiz,delaunayelise@brun.org
Sabine de Gillet,isaacdiaz@yahoo.fr
Virginie de Da Silva,aime38@herve.com
Éric Roche,boulangermargot@meunier.fr
Pénélope Paris,carolinefernandez@dupuis.org
Virginie de Da Silva,gregoirenormand@traore.fr
Virginie de Da Silva,thomasaurelie@live.com
Hortense Blondel,boutinjerome@hotmail.fr
Pénélope Paris,fredericda-costa@joly.net
Capucine Girard du Mathieu,gregoirelemaitre@noos.fr
Pénélope Paris,qroy@club-internet.fr
Virginie de Da Silva,bernardsimone@bazin.fr
Sabine de Gillet,vincentmargot@laposte.net
Michelle Moreau-Ruiz,henriettelamy@poulain.fr
Pénélope Paris,tristanparent@ferreira.com
Sabine de Gillet,francois85@regnier.fr
Virginie de Da Silva,mauricejourdan@delahaye.com
Pénélope Paris,helenefischer@noos.fr
Pénélope Paris,brigitte17@mendes.fr
Paul Millet,pclement@tiscali.fr
Virginie de Da Silva,jeanne12@sfr.fr
Virginie de Da Silva,hrenard@sfr.fr
Virginie de Da Silva,yves24@rodriguez.com
Juliette Lombard,laurent68@valette.com
Pénélope Paris,julesparent@carlier.fr
Sabine de Gillet,lecomtejosette@ifrance.com
Pénélope Paris,claudemary@orange.fr
Virginie de Da Silva,wtanguy@gilbert.fr
Michelle Moreau-Ruiz,ines46@besson.fr
Virginie de Da Silva,normandnicole@voila.fr
Pénélope Paris,maryse07@live.com
Hortense Blondel,loiseauadele@tiscali.fr
Pénélope Paris,pdavid@gauthier.org
Virginie de Da Silva,pereirarichard@bouygtel.fr
Pénélope Paris,matthieu14@mace.com
Virginie de Da Silva,zpichon@garcia.fr
Pénélope Paris,christineraynaud@marchand.fr
Pénélope Paris,xpages@gmail.com
Sabine de Gillet,adavid@orange.fr
Virginie de Da Silva,gerard63@bertin.org
Pénélope Paris,theophilepelletier@levy.com
Sabine de Gillet,adriennegregoire@hotmail.fr
Pénélope Paris,clemencegonzalez@charrier.com
Pénélope Paris,lombardelisabeth@lecomte.net
Pénélope Paris,clemencecharles@noos.fr
Virginie de Da Silva,mjoubert@wanadoo.fr
Capucine Girard du Mathieu,labbefrederic@valette.net
Pénélope Paris,roger54@garnier.com
Sabine de Gillet,alfredmeunier@gomez.fr
Capucine Girard du Mathieu,guillondanielle@ferreira.org
Sabine de Gillet,agathelouis@wanadoo.fr
Pénélope Paris,denise12@da.com
Pénélope Paris,michellebrunel@laposte.net
Virginie de Da Silva,lgoncalves@denis.fr
Virginie de Da Silva,henrihebert@da.fr
Virginie de Da Silva,acourtois@cousin.net
Pénélope Paris,henrylouise@moreno.com
Sabine de Gillet,gribeiro@fernandes.fr
Pénélope Paris,pauline66@pineau.org
Pénélope Paris,jeromerenard@bouygtel.fr
Virginie de Da Silva,cgros@yahoo.fr
Pénélope Paris,pperrot@pichon.com
Pénélope Paris,ocharpentier@breton.fr
Virginie de Da Silva,alexandrieberthelot@ifrance.com
Virginie de Da Silva,didierjeannine@cousin.fr
Pénélope Paris,eleonoregauthier@voila.fr
Virginie de Da Silva,greniervalerie@carlier.net
Virginie de Da Silva,louischretien@verdier.fr
Pénélope Paris,francois44@cohen.com
Éric Roche,fsauvage@costa.fr
Sabine de Gillet,williamhebert@robert.fr
Pénélope Paris,henriette15@lopes.fr
Pénélope Paris,fgrondin@ifrance.com
Virginie de Da Silva,cbecker@tessier.fr
Pénélope Paris,bclement@becker.fr
Pénélope Paris,nboutin@gilles.fr
Capucine Girard du Mathieu,olivier30@live.com
Virginie de Da Silva,susanne46@hotmail.fr
Pénélope Paris,julien65@gmail.com
Hortense Blondel,schneiderhonore@free.fr
Virginie de Da Silva,zpoirier@bouygtel.fr
Anaïs de la Gerard,alexandre77@prevost.fr
Paul Millet,rene54@orange.fr
Sabine de Gillet,boulangeralex@tele2.fr
Pénélope Paris,mathildeleclerc@tele2.fr
Capucine Girard du Mathieu,qdaniel@orange.fr
Pénélope Paris,louismargaux@marchal.fr
Pénélope Paris,erichardy@blanchard.fr
Pénélope Paris,suzannevalette@tiscali.fr
Virginie de Da Silva,adele29@garcia.net
Pénélope Paris,louiseverdier@coulon.fr
Pénélope Paris,lenoirhenri@voila.fr
Virginie de Da Silva,margaretguerin@mace.com
Paul Millet,zpires@chevallier.fr
Virginie de Da Silva,antoinette66@roche.fr
Virginie de Da Silva,christinemunoz@ifrance.com
Virginie de Da Silva,nicolas50@free.fr
Virginie de Da Silva,brunbernard@tele2.fr
Pénélope Paris,odette04@mallet.org
Pénélope Paris,christine14@sfr.fr
Sabine de Gillet,helenegarcia@free.fr
Pénélope Paris,jeanninegarnier@nguyen.fr
Virginie de Da Silva,gilletanastasie@blot.net
Virginie de Da Silva,mdelaunay@clerc.com
Capucine Girard du Mathieu,wauger@dbmail.com
Virginie de Da Silva,neveupaulette@coulon.fr
Virginie de Da Silva,ymaurice@free.fr
Pénélope Paris,wrodrigues@sfr.fr
Pénélope Paris,guy14@loiseau.fr
Pénélope Paris,claudinedelannoy@yahoo.fr
Capucine Girard du Mathieu,matthieu26@giraud.fr
Pénélope Paris,goncalvespierre@club-internet.fr
Pénélope Paris,josephinepotier@delattre.fr
Virginie de Da Silva,zacharieberthelot@leroy.com
Michelle Moreau-Ruiz,alex19@sfr.fr
Sabine de Gillet,blotluc@noos.fr
Capucine Girard du Mathieu,yfischer@fernandez.com
Pénélope Paris,alexandriemallet@lecomte.org
Pénélope Paris,chartieralex@grondin.fr
Pénélope Paris,astridmichel@wanadoo.fr
Pénélope Paris,ines05@tele2.fr
Pénélope Paris,nicolas48@lemonnier.com
Pénélope Paris,moniquemichaud@tele2.fr
Pénélope Paris,hlamy@tiscali.fr
Pénélope Paris,courtoishonore@tele2.fr
Pénélope Paris,snoel@parent.org
Pénélope Paris,nicolasmargot@pichon.com
Pénélope Paris,theophile00@laposte.net
Pénélope Paris,edithgeorges@laposte.net
Pénélope Paris,alexandre51@laposte.net
Sabine de Gillet,fauremarc@coste.fr
Anaïs de la Gerard,margotvidal@caron.fr
Virginie de Da Silva,alexandremenard@free.fr
Virginie de Da Silva,noelchristelle@seguin.net
Sabine de Gillet,ddelorme@bernier.com
Virginie de Da Silva,sramos@hotmail.fr
Pénélope Paris,nathalie85@loiseau.fr
Virginie de Da Silva,capucinenoel@bruneau.fr
Virginie de Da Silva,petitclaudine@jacquot.net
Pénélope Paris,laurentjacques@lopez.net
Pénélope Paris,paulettedeschamps@yahoo.fr
Virginie de Da Silva,micheldubois@guyot.com
Danielle du Costa,jaubert@renaud.fr
Pénélope Paris,maggiesalmon@collet.org
Pénélope Paris,robertbarbier@guyon.fr
Michelle Moreau-Ruiz,leblancclaudine@tele2.fr
Sabine de Gillet,madeleine20@live.com
Sabine de Gillet,ledouxdaisy@bonneau.com
Pénélope Paris,dumontrenee@ifrance.com
Virginie de Da Silva,laureleroux@bouygtel.fr
Sabine de Gillet,dallard@royer.com
Sabine de Gillet,nicolelombard@blanchet.com
Virginie de Da Silva,maggie89@orange.fr
Pénélope Paris,robert44@blin.com
Capucine Girard du Mathieu,aurelieraymond@marchal.com
Pénélope Paris,alex94@tele2.fr
Virginie de Da Silva,catherine17@renaud.com
Capucine Girard du Mathieu,plopes@bouygtel.fr
Pénélope Paris,philippinele-gall@gonzalez.com
Virginie de Da Silva,alixgrondin@orange.fr
Pénélope Paris,bsalmon@dbmail.com
Virginie de Da Silva,ymenard@gomez.com
Michel Mary,marcelle21@lebrun.fr
Hortense Blondel,gilbertnathalie@bouygtel.fr
Sabine de Gillet,vincentlacombe@club-internet.fr
Pénélope Paris,valentine28@jourdan.fr
Pénélope Paris,collettherese@neveu.com
Capucine Girard du Mathieu,ecamus@chartier.com
Virginie de Da Silva,aliceboyer@wanadoo.fr
Virginie de Da Silva,etiennemace@lebon.fr
Sabine de Gillet,madeleinelouis@ifrance.com
Sabine de Gillet,martin44@free.fr
Virginie de Da Silva,pruvostphilippine@tele2.fr
Pénélope Paris,odette99@fabre.net
Sabine de Gillet,madeleineruiz@vallet.com
Sabine de Gillet,mlesage@tiscali.fr
Pénélope Paris,thibault01@antoine.com
Pénélope Paris,barbierines@devaux.com
Capucine Girard du Mathieu,zoelegrand@guillou.com
Sabine de Gillet,clemenceguillaume@laposte.net
Anaïs de la Gerard,aimeduhamel@godard.fr
Virginie de Da Silva,daniel60@ifrance.com
Virginie de Da Silva,peltiergabriel@rousseau.com
Pénélope Paris,pereiraxavier@nicolas.fr
Paul Millet,stephane43@bonnet.fr
Capucine Girard du Mathieu,maggie93@yahoo.fr
Virginie de Da Silva,alopes@perrot.fr
Virginie de Da Silva,bessonlouis@ifrance.com
Pénélope Paris,averdier@morvan.com
